Name,A1,A2,A3,A4,A5,A6,A7,A8,A9,A10,A11,A12,A13,A14,A15,A16,A17,A18,A19,A20,A21,A22,A23,A24,A25,A26,A27,A28,A29,A30,A31,A32,A33,A34,A35,A36,A37,A38,A39,A40,A41,A42,A43,A44,A45,A46,A47,A48,A49,A50,A51,A52,A53,A54,A55,A56,A57,A58,A59,A60,A61,A62,A63,A64,A65,A66,A67,A68,A69,A70,A71,A72,A73,A74,A75,A76
N1,0,0.01,0,0.01,0.01,0.01,0,0,0,0,0,0,0.02,0.01,0.02,0.01,0.01,0,-0.01,0.02,0.02,-0.01,0,0.02,0,0,0,0.01,-0.01,0,-0.01,0.02,0,0.01,0,0,-0.06,0,0,0.01,0.02,0,0,0.04,0,0,0,0,-0.01,0.06,0,0,0,0,0,0.05,0.05,0,0,0,-0.01,0,0,0.02,0,0,0,0,0,0,0,0,0,0,0,0
N2,0,0.01,0,0.01,0.01,0.01,0,0,0,0,0,0,0.02,0.01,0.02,0.01,0.01,0,-0.01,0.02,0.02,-0.01,0,0.02,0,0,0,0.01,-0.01,0,-0.01,0.02,0,0.01,0,0,-0.06,0,0,0.01,0.02,0,0,0.04,0,0,0,0,-0.01,0.06,0,0,0,0,0,0.05,0.05,0,0,0,-0.01,0,0,0.02,0,0,0,0,0,0,0,0,0,0,0,0
N3,0,0.01,0,0.01,0.02,0,0,0,0,0,-0.01,0,0.01,0,0.02,0.01,0.01,0,0,0.03,0.02,-0.01,0,0.02,0,0,0,0.01,0.01,0,-0.05,0.03,0,0,0,0,-0.28,0,0,0,0.02,0,0,0.02,0,0,0.02,0,-0.03,0.04,0,0,0,-0.01,0,0.04,0.04,0,0,0,-0.01,0,0.01,0.01,0,0,0,0,0.01,0,0,0,0,0,0,0.01
N4,0,0.01,0,0.01,0.01,0.01,0,0,0,0,0,0,0.02,0.01,0.02,0.01,0.01,0,-0.01,0.02,0.02,-0.01,0,0.02,0,0,0,0.01,-0.01,0,-0.01,0.02,0,0.01,0,0,-0.06,0,0,0.01,0.02,0,0,0.04,0,0,0,0,-0.01,0.06,0,0,0,0,0,0.05,0.05,0,0,0,-0.01,0,0,0.02,0,0,0,0,0,0,0,0,0,0,0,0
N5,0,0.02,0,0,0.01,0,0,0,0,0,0,0,0.02,0,0.04,0.02,0.02,0,-0.02,0.01,0.03,0,-0.01,0,0.12,0,0,0.02,0,0,0.01,-0.01,0,0,-0.03,0,-0.02,0,0.01,0,0.01,0.01,0,0.03,0.01,0,-0.01,0,0,0.05,0,0,0,0,0,0.04,0.04,0,0,0,0,0,0,0.01,0,0,0,0,0,0,0,0,0,0,0,0
N6,0,0.01,0,0.01,0.02,0,0,0,0,0,0.02,0,0.01,0.02,0.01,0.01,0.01,0,0,0.02,0.01,-0.01,0,-0.04,0,0,0,0.01,0.01,0,-0.02,0.02,0.01,0,0.01,0,-0.03,0,0,0,0.01,0,0,0.02,0,0,0.06,-0.03,0.01,0.06,-0.02,0.02,-0.02,-0.01,0.02,0.07,0.07,0.04,-0.01,0,-0.02,-0.01,-0.03,0.01,0.03,0.01,-0.01,0.01,0.02,-0.01,-0.01,-0.03,0.03,-0.04,-0.01,0.04
N7,0,0.01,0,0.01,0.01,0.01,0,0,0,0,0,0,0.02,0.01,0.02,0.01,0.01,0,-0.01,0.02,0.02,-0.01,0,0.02,0,0,0,0.01,-0.01,0,-0.01,0.02,0,0.01,0,0,-0.06,0,0,0.01,0.02,0,0,0.04,0,0,0,0,-0.01,0.06,0,0,0,0,0,0.05,0.05,0,0,0,-0.01,0,0,0.02,0,0,0,0,0,0,0,0,0,0,0,0
N8,0,0.01,0,0.01,0.01,0.01,0,0,0,0,0,0,0.02,0.01,0.02,0.01,0.01,0,-0.01,0.02,0.02,-0.01,0,0.02,0,0,0,0.01,-0.01,0,-0.01,0.02,0,0.01,0,0,-0.06,0,0,0.01,0.02,0,0,0.04,0,0,0,0,-0.01,0.06,0,0,0,0,0,0.05,0.05,0,0,0,-0.01,0,0,0.02,0,0,0,0,0,0,0,0,0,0,0,0
N9,0,0.01,0,0.01,0.01,0.01,0,0,0,0,0,0,0.02,0.01,0.02,0.01,0.01,0,-0.01,0.02,0.02,-0.01,0,0.02,0,0,0,0.01,-0.01,0,-0.01,0.02,0,0.01,0,0,-0.06,0,0,0.01,0.02,0,0,0.04,0,0,0,0,-0.01,0.06,0,0,0,0,0,0.05,0.05,0,0,0,-0.01,0,0,0.02,0,0,0,0,0,0,0,0,0,0,0,0
N10,0,0.01,0,0.01,0.02,0,0,0,0,0,-0.01,0,0.02,0.01,0.02,0.01,0.01,0,0,0.02,0.02,-0.07,0,0.12,0,0,0,0.01,0.01,0,-0.04,0.03,0,0,0,0,-0.05,0,0,0,0.02,0,0,0.03,0,0,0.01,0,0,0.05,0,0,0,-0.01,0,0.06,0.06,0,0,0,-0.01,0,0,0.01,0,0,-0.01,0,0.01,0,0,0,0.01,0,0,0.01
N11,0,0.01,0,0.01,0.02,0,0,0,0,0,-0.01,0,0.02,0.01,0.02,0.01,0.01,0,0,0.02,0.02,-0.07,0,0.12,0,0,0,0.01,0.01,0,-0.04,0.03,0,0,0,0,-0.05,0,0,0,0.02,0,0,0.03,0,0,0.01,0,0,0.05,0,0,0,-0.01,0,0.06,0.06,0,0,0,-0.01,0,0,0.01,0,0,-0.01,0,0.01,0,0,0,0.01,0,0,0.01
N12,0,0.01,0,0.01,0.02,0,0,0,0,0,-0.01,0,0.02,0.01,0.02,0.01,0.01,0,0,0.02,0.02,-0.07,0,0.12,0,0,0,0.01,0.01,0,-0.04,0.03,0,0,0,0,-0.05,0,0,0,0.02,0,0,0.03,0,0,0.01,0,0,0.05,0,0,0,-0.01,0,0.06,0.06,0,0,0,-0.01,0,0,0.01,0,0,-0.01,0,0.01,0,0,0,0.01,0,0,0.01
N13,0,0,0,0.01,0.02,0,0,0,0,0,0.02,0,0.01,0.01,0.01,0.01,0.01,0,0,0.02,0.01,-0.01,0,-0.04,0,0,0,0.01,0.01,0,-0.03,0.02,0,0,0.01,0,-0.03,0,0,0,0.01,0,0,0.02,0,0,0.05,-0.03,0.01,0.05,-0.03,0.02,0,-0.02,-0.01,0.07,0.07,-0.02,0,-0.01,-0.02,-0.01,-0.05,0.01,0.04,0.01,0.02,-0.02,0.05,-0.01,-0.01,0.01,0.03,-0.01,-0.02,0.03
N14,0,0.01,0,0.01,0.01,0.01,0,0,0,0,0,0,0.02,0.01,0.02,0.01,0.01,0,-0.01,0.02,0.02,-0.01,0,0.02,0,0,0,0.01,-0.01,0,-0.01,0.02,0,0.01,0,0,-0.06,0,0,0.01,0.02,0,0,0.04,0,0,0,0,-0.01,0.06,0,0,0,0,0,0.05,0.05,0,0,0,-0.01,0,0,0.02,0,0,0,0,0,0,0,0,0,0,0,0
N15,0,0.02,0,0.01,0.01,0.01,0,0,0,0,-0.01,0,0.02,0,0.04,0.02,0.02,0,-0.01,0.02,0.03,0.01,-0.01,0.02,0.01,0,0,0.01,0.01,0,-0.06,0.03,0,0,-0.01,0,-0.03,0,0,0,0.03,0.01,0,0.03,0.01,0,0,0,0,0.05,0,0,0,0,0,0.04,0.04,0,0,0,0,0,0,0.01,0,0,0,0,0,0,0,0,0,0,0,0.01
N16,0,0.01,0,0.01,0.01,0.01,0,0,0,0,0,0,0.02,0.01,0.02,0.01,0.01,0,-0.01,0.02,0.02,-0.01,0,0.02,0,0,0,0.01,-0.01,0,-0.01,0.02,0,0.01,0,0,-0.06,0,0,0.01,0.02,0,0,0.04,0,0,0,0,-0.01,0.06,0,0,0,0,0,0.05,0.05,0,0,0,-0.01,0,0,0.02,0,0,0,0,0,0,0,0,0,0,0,0
N17,0,0.01,0,0.01,0.02,0,0,0,0,0,0.02,0,0.01,0.02,0.01,0.01,0.01,0,0,0.02,0.01,-0.01,0,-0.05,-0.01,0,0,0.01,0.01,0,-0.02,0.02,0.01,0,0.01,0,-0.02,0,0,0,0.01,0,0,0.02,-0.01,0,0.09,-0.03,0.01,0.06,0.12,0.03,-0.15,-0.02,0.03,0.08,0.08,0.11,0,0,-0.02,-0.03,-0.03,0.01,-0.03,0,0.01,0.04,0,-0.03,-0.03,0,0.02,-0.12,0,0.05
N18,0,0.01,0,0.01,0.02,0,0,0,0,0,0.01,0,0.01,0.02,0.01,0.01,0.01,0,0,0.02,0.01,-0.01,0,-0.06,-0.01,0,0,0.01,0.01,0,-0.02,0.01,0.01,0,0.01,0,-0.02,0,0,0,0.01,0,0,0.03,-0.01,0,0.08,-0.02,0.01,0.06,0.04,0.03,-0.04,-0.03,0.03,0.09,0.09,0.03,0,0.01,-0.01,0,-0.03,0,-0.04,0,0,0.01,-0.01,0,0,0,0.01,-0.04,0.02,0.05
N19,0,0.01,0,0.01,0.01,0.01,0,0,0,0,0,0,0.02,0.01,0.02,0.01,0.01,0,-0.01,0.02,0.02,-0.01,0,0.02,0,0,0,0.01,-0.01,0,-0.01,0.02,0,0.01,0,0,-0.06,0,0,0.01,0.02,0,0,0.04,0,0,0,0,-0.01,0.06,0,0,0,0,0,0.05,0.05,0,0,0,-0.01,0,0,0.02,0,0,0,0,0,0,0,0,0,0,0,0
N20,0,0.01,0,0.01,0.01,0.01,0,0,0,0,0,0,0.02,0.01,0.02,0.01,0.01,0,-0.01,0.02,0.02,-0.01,0,0.02,0,0,0,0.01,-0.01,0,-0.01,0.02,0,0.01,0,0,-0.06,0,0,0.01,0.02,0,0,0.04,0,0,0,0,-0.01,0.06,0,0,0,0,0,0.05,0.05,0,0,0,-0.01,0,0,0.02,0,0,0,0,0,0,0,0,0,0,0,0
N21,0,0.01,0,0.01,0.01,0.01,0,0,0,0,0,0,0.02,0.01,0.02,0.01,0.01,0,-0.01,0.02,0.02,-0.01,0,0.02,0,0,0,0.01,-0.01,0,-0.01,0.02,0,0.01,0,0,-0.06,0,0,0.01,0.02,0,0,0.04,0,0,0,0,-0.01,0.06,0,0,0,0,0,0.05,0.05,0,0,0,-0.01,0,0,0.02,0,0,0,0,0,0,0,0,0,0,0,0
N22,0,0.01,0,0.01,0.01,0,0,0,0,0,0,-0.01,0.02,0.03,0.01,0.01,0.01,0,-0.01,0.01,0.01,0,-0.01,-0.03,-0.02,0,-0.01,0.01,0.07,-0.01,-0.01,0.01,0,0,0.04,0,-0.02,0,0.01,0,0.01,0.01,0,0.08,-0.01,0,-0.02,-0.01,0,0.07,0,0.01,0,0,0,0.08,0.08,0,0,0,0,0,0,0.02,-0.01,0,-0.01,0,0,0,0,0,0,0,0,0
N23,0,0.01,0,0.01,0.01,0,0,0,0,0,0,-0.01,0.02,0.03,0.01,0.01,0.01,0,-0.01,0.01,0.01,0,-0.01,-0.03,-0.02,0,-0.01,0.01,0.05,-0.01,-0.01,0.01,0.01,0,0.04,0,-0.02,0,0.01,0,0.01,0.01,0,0.08,-0.01,0,-0.02,-0.01,0,0.07,0,0.01,0,0,0,0.08,0.08,0,0,0,0,0,0,0.02,-0.01,0,-0.01,0,0,0,0,0,0,0,0,0
N24,0,0.01,0,0.01,0.01,0,0,0,0,0,0,-0.01,0.02,0.03,0.01,0.01,0.01,0,-0.01,0.01,0.01,0,-0.01,-0.03,-0.02,0,-0.01,0.01,0.05,-0.01,-0.01,0.01,0.01,0,0.04,0,-0.02,0,0.01,0,0.01,0.01,0,0.08,-0.01,0,-0.02,-0.01,0,0.07,0,0.01,0,0,0,0.08,0.08,0,0,0,0,0,0,0.02,-0.01,0,-0.01,0,0,0,0,0,0,0,0,0
N25,0,0.01,0,0.01,0.01,0.01,0,0,0,0,0,0,0.02,0.01,0.02,0.01,0.01,0,-0.01,0.02,0.02,-0.01,0,0.02,0,0,0,0.01,-0.01,0,-0.01,0.02,0,0.01,0,0,-0.06,0,0,0.01,0.02,0,0,0.04,0,0,0,0,-0.01,0.06,0,0,0,0,0,0.05,0.05,0,0,0,-0.01,0,0,0.02,0,0,0,0,0,0,0,0,0,0,0,0
N26,0,0.01,0,0.01,0.01,0.01,0,0,0,0,0,0,0.02,0.01,0.02,0.01,0.01,0,-0.01,0.02,0.02,-0.01,0,0.02,0,0,0,0.01,-0.01,0,-0.01,0.02,0,0.01,0,0,-0.06,0,0,0.01,0.02,0,0,0.04,0,0,0,0,-0.01,0.06,0,0,0,0,0,0.05,0.05,0,0,0,-0.01,0,0,0.02,0,0,0,0,0,0,0,0,0,0,0,0
N27,0,0.01,0,0.01,0.01,0.01,0,0,0,0,0,0,0.02,0.01,0.02,0.01,0.01,0,-0.01,0.02,0.02,-0.01,0,0.02,0,0,0,0.01,-0.01,0,-0.01,0.02,0,0.01,0,0,-0.06,0,0,0.01,0.02,0,0,0.04,0,0,0,0,-0.01,0.06,0,0,0,0,0,0.05,0.05,0,0,0,-0.01,0,0,0.02,0,0,0,0,0,0,0,0,0,0,0,0
N28,0,0.03,0,0,0.01,0.01,0,0,0,0,0,0,0.02,-0.01,0.06,0.04,0.04,0,-0.02,0.01,0.04,0.01,-0.01,0.01,0.01,0,0,0.01,0,0,0.06,-0.04,0,-0.01,-0.01,0,-0.02,0,0,0,0.04,0.01,0,0.02,0.01,0,0,0,0,0.04,0,0,0,0,0,0.03,0.03,0,0,0,0,0,0,0.01,0,0,0,0,0,0,0,0,0,0,0,0
N29,0,0.01,0,0.01,0.01,0.01,0,0,0,0,0,0,0.02,0.01,0.02,0.01,0.01,0,-0.01,0.02,0.02,-0.01,0,0.02,0,0,0,0.01,-0.01,0,-0.01,0.02,0,0.01,0,0,-0.06,0,0,0.01,0.02,0,0,0.04,0,0,0,0,-0.01,0.06,0,0,0,0,0,0.05,0.05,0,0,0,-0.01,0,0,0.02,0,0,0,0,0,0,0,0,0,0,0,0
N30,0,0.01,0,0.01,0.01,0.01,0,0,0,0,0,0,0.02,0.01,0.02,0.01,0.01,0,-0.01,0.02,0.02,-0.01,0,0.02,0,0,0,0.01,-0.01,0,-0.01,0.02,0,0.01,0,0,-0.06,0,0,0.01,0.02,0,0,0.04,0,0,0,0,-0.01,0.06,0,0,0,0,0,0.05,0.05,0,0,0,-0.01,0,0,0.02,0,0,0,0,0,0,0,0,0,0,0,0
N31,0,0.01,0,0.01,0.01,0.01,0,0,0,0,0,0,0.02,0.01,0.02,0.01,0.01,0,-0.01,0.02,0.02,-0.01,0,0.02,0,0,0,0.01,-0.01,0,-0.01,0.02,0,0.01,0,0,-0.06,0,0,0.01,0.02,0,0,0.04,0,0,0,0,-0.01,0.06,0,0,0,0,0,0.05,0.05,0,0,0,-0.01,0,0,0.02,0,0,0,0,0,0,0,0,0,0,0,0
N32,0,0.03,0,0,0.01,0.07,0,0,0,0,0,0,0.02,-0.01,0.06,0.04,0.04,0,-0.02,0.01,0.05,0.01,-0.01,0.01,0.01,0,0,0.01,0,0,0.19,-0.08,0,-0.14,-0.01,0,-0.02,0,0,0.39,0.35,0,0,0.01,0.01,0,0,0,0,0.04,0,0,0,0,0,0.03,0.03,0,0,0,0,0,0,0.01,0,0,0,0,0,0,0,0,0,0,0,0
N33,0.01,0,0,0.01,0.02,0,0,0,0,0,0.19,0,0.01,0.01,0.01,0.01,0.01,0,0.01,0.03,0.01,-0.02,0.01,0.01,0,0,0,0.01,0.01,0,-0.03,0.03,0,0.01,0,0,-0.16,0,0,0,0.02,0,0,0.02,0,0,0.02,0.02,0.12,0.04,-0.01,0,0,-0.01,0,0.05,0.05,0,0,0,-0.01,0,0.01,0.01,0.01,0,0.01,0,0.01,0,0,0,0.01,0,0,0.02
N34,0,0.03,0,0,0.01,0.08,0,0,0,0,0,0,0.02,-0.01,0.06,0.04,0.04,0,-0.02,0.01,0.05,0.01,-0.01,0.01,0.01,0,0,0.01,0,0,0.17,-0.08,0,-0.16,-0.01,0,-0.02,0,0,0.52,0.41,0,0,0.01,0.01,0,0,0,0,0.04,0,0,0,0,0,0.03,0.03,0,0,0,0,0,0,0.01,0,0,0,0,0,0,0,0,0,0,0,0
N35,0,0.02,0,0,0.01,0,0,0,0,0,0,0,0.02,0,0.04,0.02,0.02,0,-0.01,0.01,0.03,0,-0.01,0.01,0.01,0,0,0.02,0.01,0,-0.01,0,0,0,-0.02,0,-0.02,0,0.01,0,0.02,0.01,0,0.03,0.01,0,0,0,0,0.05,0,0,0,0,0,0.04,0.04,0,0,0,0,0,0,0.01,0,0,0,0,0,0,0,0,0,0,0,0
N36,0,0.01,0,0,0.01,0,0,0,0,0,0,-0.01,0.02,0.04,0.01,0.01,0.01,0,-0.01,0.01,0.01,0,-0.01,-0.02,-0.02,0,0,0,-0.27,-0.01,-0.01,0,-0.15,0,0.04,-0.01,-0.02,0.01,0.01,0,0.01,0.01,0,0.16,-0.01,0,-0.02,0,0,0.08,0,0,0,0,0,0.06,0.06,0,0,0,0,0,0,0.05,0,0,0,0,0,0,0,0,0,0,0,-0.01
N37,0,0.01,0,0,0.01,0,0,0,0,0,0,-0.01,0.02,0.04,0.01,0.01,0.01,0,-0.01,0.01,0.01,0,-0.01,-0.02,-0.02,0,0,0,-0.27,-0.01,-0.01,0,-0.16,0,0.04,-0.01,-0.02,0.01,0.01,0,0.01,0.01,0,0.13,-0.01,0,-0.02,0,0,0.08,0,0,0,0,0,0.06,0.06,0,0,0,0,0,0,0.05,0,0,0,0,0,0,0,0,0,0,0,-0.01
N38,0,0.01,0,0,0,0,0,0,0,0,0,-0.01,0.03,0,0,0.01,0.01,0,-0.02,0,0.01,0,-0.02,-0.01,-0.01,-0.01,0,0.01,-0.01,0.01,0.01,-0.01,-0.01,0,0,-0.01,-0.01,0.01,0.02,0,0,0.01,0,-0.07,0.02,0.01,-0.01,0,0,0.06,0,0,0,0,0,0.02,0.02,0,0,0,0,0,0,0.01,0,0,0,0,0,0,0,0,0,0,0,-0.01
N39,0,0.01,0,0.01,0.01,0.03,0,0,0,0,0,0,0.02,0.01,0.02,0.01,0.01,0,-0.01,0.01,0.02,-0.01,-0.01,0.03,0,0,0,0.01,-0.01,0,0,0,0,0.02,0,0,-0.04,0,0.01,0.01,0.03,0,0,0.03,0,0,0,0,0,0.06,0,0,0,0,0,0.05,0.05,0,0,0,-0.01,0,0,0.02,0,0,-0.01,0,0,0,0,0,0,0,0,0
N40,0,0.01,0,0.01,0.01,0.01,0,0,0,0,0,0,0.02,0.01,0.02,0.01,0.01,0,-0.01,0.02,0.02,-0.01,0,0.02,0,0,0,0.01,-0.01,0,-0.01,0.02,0,0.01,0,0,-0.06,0,0,0.01,0.02,0,0,0.04,0,0,0,0,-0.01,0.06,0,0,0,0,0,0.05,0.05,0,0,0,-0.01,0,0,0.02,0,0,0,0,0,0,0,0,0,0,0,0
N41,0,0.01,0,0.01,0.01,0.01,0,0,0,0,0,0,0.02,0.01,0.02,0.01,0.01,0,-0.01,0.02,0.02,-0.01,0,0.02,0,0,0,0.01,-0.01,0,-0.01,0.02,0,0.01,0,0,-0.06,0,0,0.01,0.02,0,0,0.04,0,0,0,0,-0.01,0.06,0,0,0,0,0,0.05,0.05,0,0,0,-0.01,0,0,0.02,0,0,0,0,0,0,0,0,0,0,0,0
N42,0,0.02,0,0.01,0.01,0,0,0,0,0,0,0,0.02,0.01,0.03,0.02,0.02,0,-0.01,0.01,0.03,0,-0.01,0.01,0,0,0,0.01,0.01,0,-0.02,0.01,0,0,-0.01,0,-0.03,0,0.01,0,0.02,0.01,0,0.04,0,0,-0.01,0,0,0.06,0,0,0,0,0,0.05,0.05,0,0,0,0,0,0,0.01,0,0,0,0,0,0,0,0,0,0,0,0
N43,0,0.01,0,0.01,0.01,0.01,0,0,0,0,0,0,0.02,0.01,0.02,0.01,0.01,0,-0.01,0.02,0.02,-0.01,0,0.02,0,0,0,0.01,-0.01,0,-0.01,0.02,0,0.01,0,0,-0.06,0,0,0.01,0.02,0,0,0.04,0,0,0,0,-0.01,0.06,0,0,0,0,0,0.05,0.05,0,0,0,-0.01,0,0,0.02,0,0,0,0,0,0,0,0,0,0,0,0
N44,0,0.01,0,0.01,0.02,0,0,0,0,0,-0.02,0,0.01,0.01,0.02,0.01,0.01,0,0,0.03,0.02,-0.04,0,0.02,0,0,0,0.01,0.01,0,-0.03,0.03,0,0,0,0,-0.27,0,0,0,0.02,0,0,0.03,0,0,0.01,0,-0.01,0.05,0,0,0,-0.01,0,0.04,0.04,0,0,0,-0.01,0,0,0.01,0,0,0,0,0.01,0,0,0,0,0,0,0.01
N45,0,0.01,0,0.01,0.01,0.01,0,0,0,0,0,0,0.02,0.01,0.02,0.01,0.01,0,-0.01,0.02,0.02,-0.01,0,0.02,0,0,0,0.01,-0.01,0,-0.01,0.02,0,0.01,0,0,-0.06,0,0,0.01,0.02,0,0,0.04,0,0,0,0,-0.01,0.06,0,0,0,0,0,0.05,0.05,0,0,0,-0.01,0,0,0.02,0,0,0,0,0,0,0,0,0,0,0,0
N46,0,0.01,0,0.01,0.01,0.01,0,0,0,0,0,0,0.02,0.01,0.02,0.01,0.01,0,-0.01,0.02,0.02,-0.01,0,0.02,0,0,0,0.01,-0.01,0,-0.01,0.02,0,0.01,0,0,-0.06,0,0,0.01,0.02,0,0,0.04,0,0,0,0,-0.01,0.06,0,0,0,0,0,0.05,0.05,0,0,0,-0.01,0,0,0.02,0,0,0,0,0,0,0,0,0,0,0,0
N47,0,0.01,0,0.01,0.01,0.02,0,0,0,0,0,0,0.02,0.01,0.02,0.01,0.01,0,-0.01,0.01,0.02,-0.02,-0.01,0.04,0,0,0,0.01,-0.01,0,-0.01,0.01,-0.01,0.02,0,0,-0.04,0,0.01,0.01,0.02,0.01,0,0.03,0,0,0,0,0,0.06,0,0,0,0,0,0.05,0.05,0,0,0,-0.01,0,0,0.02,0,0,-0.01,0,0,0,0,0,0,0,0,0
N48,0,0.01,0,0.01,0.01,0.01,0,0,0,0,0,0,0.02,0.01,0.02,0.01,0.01,0,-0.01,0.02,0.02,-0.01,0,0.02,0,0,0,0.01,-0.01,0,-0.01,0.02,0,0.01,0,0,-0.06,0,0,0.01,0.02,0,0,0.04,0,0,0,0,-0.01,0.06,0,0,0,0,0,0.05,0.05,0,0,0,-0.01,0,0,0.02,0,0,0,0,0,0,0,0,0,0,0,0
N49,0,0.01,0,0.01,0.01,0.01,0,0,0,0,0,0,0.02,0.01,0.02,0.01,0.01,0,-0.01,0.02,0.02,-0.01,0,0.02,0,0,0,0.01,-0.01,0,-0.01,0.02,0,0.01,0,0,-0.06,0,0,0.01,0.02,0,0,0.04,0,0,0,0,-0.01,0.06,0,0,0,0,0,0.05,0.05,0,0,0,-0.01,0,0,0.02,0,0,0,0,0,0,0,0,0,0,0,0
N50,0,0.02,0,0,0.01,0,0,0,0,0,0,-0.01,0.02,0,0.01,0.01,0.01,0,-0.02,0,0.02,0,-0.01,0,0.01,-0.01,0,0.01,-0.01,0,0.01,-0.01,0,0,-0.03,-0.01,-0.01,0.01,0.01,0,0.01,0.01,0,-0.01,0.02,0.01,-0.01,0,0,0.05,0,0,0,0,0,0.03,0.03,0,0,0,0,0,0,0.01,0,0,0,0,0,0,0,0,0,0,0,0
N51,0,0.02,0,0.01,0.01,0.01,0,0,0,0,-0.01,0,0.02,0,0.04,0.02,0.02,0,-0.01,0.02,0.03,0.02,0,0.02,0,0,0,0.01,0.01,0,-0.14,0.05,0,0,-0.01,0,-0.03,0,0,0,0.04,0,0,0.02,0.01,0,0.01,0,0,0.04,0,0,0,0,0,0.04,0.04,0,0,0,0,0,0,0.01,0,0,0,0,0,0,0,0,0,0,0,0.01
N52,0,0.01,0,0.01,0.01,0.01,0,0,0,0,0,0,0.02,0.01,0.02,0.01,0.01,0,-0.01,0.02,0.02,-0.01,0,0.02,0,0,0,0.01,-0.01,0,-0.01,0.02,0,0.01,0,0,-0.06,0,0,0.01,0.02,0,0,0.04,0,0,0,0,-0.01,0.06,0,0,0,0,0,0.05,0.05,0,0,0,-0.01,0,0,0.02,0,0,0,0,0,0,0,0,0,0,0,0
N53,0,0.01,0,0.01,0.01,0.01,0,0,0,0,0,0,0.02,0.01,0.02,0.01,0.01,0,-0.01,0.02,0.02,-0.01,0,0.02,0,0,0,0.01,-0.01,0,-0.01,0.02,0,0.01,0,0,-0.06,0,0,0.01,0.02,0,0,0.04,0,0,0,0,-0.01,0.06,0,0,0,0,0,0.05,0.05,0,0,0,-0.01,0,0,0.02,0,0,0,0,0,0,0,0,0,0,0,0
N54,0,0,0,0.01,0.02,0,0,0,0,0,0.02,0,0.01,0.01,0.01,0.01,0.01,0,0.01,0.02,0.01,-0.01,0,-0.04,0,0,0,0.01,0.01,0,-0.03,0.02,0,0,0.01,0,-0.03,0,0,0,0.01,0,0,0.02,0,0,0.05,-0.05,0.01,0.05,-0.04,0.02,0,-0.01,-0.02,0.07,0.07,-0.02,-0.01,-0.02,-0.03,-0.01,-0.07,0.01,0.06,0.01,0.02,-0.03,0.05,-0.01,-0.01,0,0.04,-0.01,-0.02,0.03
N55,0,0.01,0,0.01,0.01,0.01,0,0,0,0,0,0,0.02,0.01,0.02,0.01,0.01,0,-0.01,0.02,0.02,-0.01,0,0.02,0,0,0,0.01,-0.01,0,-0.01,0.02,0,0.01,0,0,-0.06,0,0,0.01,0.02,0,0,0.04,0,0,0,0,-0.01,0.06,0,0,0,0,0,0.05,0.05,0,0,0,-0.01,0,0,0.02,0,0,0,0,0,0,0,0,0,0,0,0
N56,0,0.01,0,0.01,0.02,0,0,0,0,0,0,0,0.01,0.01,0.02,0.01,0.01,0,0,0.02,0.01,-0.03,0,0.02,0,0,0,0.01,0.01,0,-0.03,0.02,0,0,0,0,-0.05,0,0,0,0.02,0,0,0.03,0,0,0.02,-0.01,0.01,0.05,0,0,0,-0.01,0,0.06,0.06,0,-0.01,0,-0.01,0,0,0.01,0,-0.01,-0.05,0,0.01,0,0,-0.01,0.01,-0.01,0,0.02
N57,0,0.02,0,0,0.01,0,0,0,0,0,0,0,0.02,0,0.04,0.02,0.02,0,-0.01,0.01,0.03,0,-0.01,0.01,0.01,0,0,0.02,0.01,0,-0.01,0,0,0,-0.02,0,-0.02,0,0.01,0,0.02,0.01,0,0.03,0.01,0,0,0,0,0.05,0,0,0,0,0,0.04,0.04,0,0,0,0,0,0,0.01,0,0,0,0,0,0,0,0,0,0,0,0
N58,0.01,0,0,0.01,0.02,0,0,0,0,0,0.08,0,0.01,0,0.01,0.01,0.01,0,0.01,0.03,0.01,-0.01,0.01,0.01,0,0,0,0.01,0.01,0,-0.03,0.03,0,0.01,0,0,-0.11,0,0,0,0.02,0,0,0.02,0,0,0.02,0.01,-0.16,0.04,0,0,0,-0.01,0,0.04,0.04,0,0,0,-0.01,0,0.01,0.01,0,0,0,0,0.01,0,0,0,0,0,0,0.01
N59,0,0.01,0,0.01,0.01,0.01,0,0,0,0,0,0,0.02,0.01,0.02,0.01,0.01,0,-0.01,0.02,0.02,-0.01,0,0.02,0,0,0,0.01,-0.01,0,-0.01,0.02,0,0.01,0,0,-0.06,0,0,0.01,0.02,0,0,0.04,0,0,0,0,-0.01,0.06,0,0,0,0,0,0.05,0.05,0,0,0,-0.01,0,0,0.02,0,0,0,0,0,0,0,0,0,0,0,0
N60,0,0.01,0,0.01,0.01,0.01,0,0,0,0,0,0,0.02,0.01,0.02,0.01,0.01,0,-0.01,0.02,0.02,-0.01,0,0.02,0,0,0,0.01,-0.01,0,-0.01,0.02,0,0.01,0,0,-0.06,0,0,0.01,0.02,0,0,0.04,0,0,0,0,-0.01,0.06,0,0,0,0,0,0.05,0.05,0,0,0,-0.01,0,0,0.02,0,0,0,0,0,0,0,0,0,0,0,0
N61,0,0.01,0,0.01,0.01,0.01,0,0,0,0,0,0,0.02,0.01,0.02,0.01,0.01,0,-0.01,0.02,0.02,-0.01,0,0.02,0,0,0,0.01,-0.01,0,-0.01,0.02,0,0.01,0,0,-0.06,0,0,0.01,0.02,0,0,0.04,0,0,0,0,-0.01,0.06,0,0,0,0,0,0.05,0.05,0,0,0,-0.01,0,0,0.02,0,0,0,0,0,0,0,0,0,0,0,0
N62,0,0.01,0,0.01,0.01,0.01,0,0,0,0,0,0,0.02,0.01,0.02,0.01,0.01,0,-0.01,0.02,0.02,-0.01,0,0.02,0,0,0,0.01,-0.01,0,-0.01,0.02,0,0.01,0,0,-0.06,0,0,0.01,0.02,0,0,0.04,0,0,0,0,-0.01,0.06,0,0,0,0,0,0.05,0.05,0,0,0,-0.01,0,0,0.02,0,0,0,0,0,0,0,0,0,0,0,0
N63,0,0.01,0,0.01,0.01,0.01,0,0,0,0,0,0,0.02,0.01,0.02,0.01,0.01,0,-0.01,0.02,0.02,-0.01,0,0.02,0,0,0,0.01,-0.01,0,-0.01,0.02,0,0.01,0,0,-0.06,0,0,0.01,0.02,0,0,0.04,0,0,0,0,-0.01,0.06,0,0,0,0,0,0.05,0.05,0,0,0,-0.01,0,0,0.02,0,0,0,0,0,0,0,0,0,0,0,0
N64,0,0.02,0,0.01,0.01,0.01,0,0,0,0,-0.01,0,0.02,0,0.03,0.02,0.02,0,-0.01,0.02,0.03,0.02,0,0.03,0,0,0,0.01,0.01,0,-0.09,0.05,0,0.01,-0.01,0,-0.05,0,0,0,0.04,0,0,0.02,0,0,0.01,0,0,0.05,0,0,0,0,0,0.04,0.04,0,0,0,0,0,0,0.01,0,0,0,0,0,0,0,0,0,0,0,0.01
N65,0,0.01,0,0.01,0.01,0.01,0,0,0,0,0,0,0.02,0.01,0.02,0.01,0.01,0,-0.01,0.02,0.02,-0.01,0,0.02,0,0,0,0.01,-0.01,0,-0.01,0.02,0,0.01,0,0,-0.06,0,0,0.01,0.02,0,0,0.04,0,0,0,0,-0.01,0.06,0,0,0,0,0,0.05,0.05,0,0,0,-0.01,0,0,0.02,0,0,0,0,0,0,0,0,0,0,0,0
N66,0,0,0,0.01,0.02,0,0,0,0,0,-0.01,0,0.01,0.01,0.02,0.01,0.01,0,0.01,0.03,0.01,-0.02,0.01,0.04,0,0,0,0.01,0.01,0,-0.03,0.02,0,0,0,0,-0.03,0,0,0,0.02,0,0,0.02,0,0,0.01,0,0,0.05,0,0,0,-0.01,0,0.05,0.05,0,0,0,-0.01,0,0,0.01,0,0,0,0,0.01,0,0,0,0,0,0,0.01
N67,0.01,0,0,0.01,0.02,0,0,0,0,0,-0.04,0,0.01,0.01,0.02,0.01,0.01,0,0.01,0.03,0.01,-0.02,0.01,0.02,0,0,0,0.01,0.01,0,-0.03,0.03,0,0.01,0,0,-0.39,0,0,0,0.02,0,0,0.02,0,0,0.02,0,0,0.04,0,0,0,-0.01,0,0.04,0.04,0,0,0,-0.01,0,0.01,0.01,0,0,0,0,0.01,0,0,0,0,0,0,0.01
N68,0.01,0,0,0.01,0.02,0,0,0,0,0,-0.02,0,0.01,0.01,0.02,0.01,0.01,0,0.01,0.03,0.01,-0.02,0.01,0.02,0,0,0,0.01,0.01,0,-0.03,0.02,0,0,0,0,-0.41,0,0,0,0.02,0,0,0.02,0,0,0.02,0,0,0.04,0,0,0,-0.01,0,0.04,0.04,0,0,0,-0.01,0,0.01,0.01,0,0,0,0,0.01,0,0,0,0,0,0,0.01
N69,0,0.01,0,0.01,0.01,0.01,0,0,0,0,0,0,0.02,0.01,0.02,0.01,0.01,0,-0.01,0.02,0.02,-0.01,0,0.02,0,0,0,0.01,-0.01,0,-0.01,0.02,0,0.01,0,0,-0.06,0,0,0.01,0.02,0,0,0.04,0,0,0,0,-0.01,0.06,0,0,0,0,0,0.05,0.05,0,0,0,-0.01,0,0,0.02,0,0,0,0,0,0,0,0,0,0,0,0
N70,0,0.01,0,0.01,0.01,0.01,0,0,0,0,0,0,0.02,0.01,0.02,0.01,0.01,0,-0.01,0.02,0.02,-0.01,0,0.02,0,0,0,0.01,-0.01,0,-0.01,0.02,0,0.01,0,0,-0.06,0,0,0.01,0.02,0,0,0.04,0,0,0,0,-0.01,0.06,0,0,0,0,0,0.05,0.05,0,0,0,-0.01,0,0,0.02,0,0,0,0,0,0,0,0,0,0,0,0
N71,0,0.01,0,0.01,0.01,0.01,0,0,0,0,0,0,0.02,0.01,0.02,0.01,0.01,0,-0.01,0.02,0.02,-0.01,0,0.02,0,0,0,0.01,-0.01,0,-0.01,0.02,0,0.01,0,0,-0.06,0,0,0.01,0.02,0,0,0.04,0,0,0,0,-0.01,0.06,0,0,0,0,0,0.05,0.05,0,0,0,-0.01,0,0,0.02,0,0,0,0,0,0,0,0,0,0,0,0
N72,0,0.01,0,0.01,0.01,0.01,0,0,0,0,0,0,0.02,0.01,0.02,0.01,0.01,0,-0.01,0.02,0.02,-0.01,0,0.02,0,0,0,0.01,-0.01,0,-0.01,0.02,0,0.01,0,0,-0.06,0,0,0.01,0.02,0,0,0.04,0,0,0,0,-0.01,0.06,0,0,0,0,0,0.05,0.05,0,0,0,-0.01,0,0,0.02,0,0,0,0,0,0,0,0,0,0,0,0
N73,0,0.01,0,0.01,0.01,0.01,0,0,0,0,0,0,0.02,0.01,0.02,0.01,0.01,0,-0.01,0.02,0.02,-0.01,0,0.02,0,0,0,0.01,-0.01,0,-0.01,0.02,0,0.01,0,0,-0.06,0,0,0.01,0.02,0,0,0.04,0,0,0,0,-0.01,0.06,0,0,0,0,0,0.05,0.05,0,0,0,-0.01,0,0,0.02,0,0,0,0,0,0,0,0,0,0,0,0
N74,0,0.01,0,0.01,0.01,0.01,0,0,0,0,0,0,0.02,0.01,0.02,0.01,0.01,0,-0.01,0.02,0.02,-0.01,0,0.02,0,0,0,0.01,-0.01,0,-0.01,0.02,0,0.01,0,0,-0.06,0,0,0.01,0.02,0,0,0.04,0,0,0,0,-0.01,0.06,0,0,0,0,0,0.05,0.05,0,0,0,-0.01,0,0,0.02,0,0,0,0,0,0,0,0,0,0,0,0
N75,0,0.01,0,0.01,0.01,0.01,0,0,0,0,0,0,0.02,0.01,0.02,0.01,0.01,0,-0.01,0.02,0.02,-0.01,0,0.02,0,0,0,0.01,-0.01,0,-0.01,0.02,0,0.01,0,0,-0.06,0,0,0.01,0.02,0,0,0.04,0,0,0,0,-0.01,0.06,0,0,0,0,0,0.05,0.05,0,0,0,-0.01,0,0,0.02,0,0,0,0,0,0,0,0,0,0,0,0
N76,0,0.01,0,0.01,0.01,0.01,0,0,0,0,0,0,0.02,0.01,0.02,0.01,0.01,0,-0.01,0.02,0.02,-0.01,0,0.02,0,0,0,0.01,-0.01,0,-0.01,0.02,0,0.01,0,0,-0.06,0,0,0.01,0.02,0,0,0.04,0,0,0,0,-0.01,0.06,0,0,0,0,0,0.05,0.05,0,0,0,-0.01,0,0,0.02,0,0,0,0,0,0,0,0,0,0,0,0
N77,0,0.01,0,0.01,0.01,0.01,0,0,0,0,0,0,0.02,0.01,0.02,0.01,0.01,0,-0.01,0.02,0.02,-0.01,0,0.02,0,0,0,0.01,-0.01,0,-0.01,0.02,0,0.01,0,0,-0.06,0,0,0.01,0.02,0,0,0.04,0,0,0,0,-0.01,0.06,0,0,0,0,0,0.05,0.05,0,0,0,-0.01,0,0,0.02,0,0,0,0,0,0,0,0,0,0,0,0
N78,0,0.01,0,0.01,0.01,0.01,0,0,0,0,0,0,0.02,0.01,0.02,0.01,0.01,0,-0.01,0.02,0.02,-0.01,0,0.02,0,0,0,0.01,-0.01,0,-0.01,0.02,0,0.01,0,0,-0.06,0,0,0.01,0.02,0,0,0.04,0,0,0,0,-0.01,0.06,0,0,0,0,0,0.05,0.05,0,0,0,-0.01,0,0,0.02,0,0,0,0,0,0,0,0,0,0,0,0
N79,0,0.01,0,0.01,0.01,0.01,0,0,0,0,0,0,0.02,0.01,0.02,0.01,0.01,0,-0.01,0.02,0.02,-0.01,0,0.02,0,0,0,0.01,-0.01,0,-0.01,0.02,0,0.01,0,0,-0.06,0,0,0.01,0.02,0,0,0.04,0,0,0,0,-0.01,0.06,0,0,0,0,0,0.05,0.05,0,0,0,-0.01,0,0,0.02,0,0,0,0,0,0,0,0,0,0,0,0
N80,0,0.01,0,0.01,0.01,0.01,0,0,0,0,0,0,0.02,0.01,0.02,0.01,0.01,0,-0.01,0.02,0.02,-0.01,0,0.02,0,0,0,0.01,-0.01,0,-0.01,0.02,0,0.01,0,0,-0.06,0,0,0.01,0.02,0,0,0.04,0,0,0,0,-0.01,0.06,0,0,0,0,0,0.05,0.05,0,0,0,-0.01,0,0,0.02,0,0,0,0,0,0,0,0,0,0,0,0
N81,0.01,0,0,0.01,0.02,0,0,0,0,0,-0.01,0,0.01,0.01,0.01,0.01,0.01,0,0.01,0.03,0.01,-0.02,0.01,0.02,0,0,0,0.01,0.01,0,-0.03,0.02,0,0,0,0,-0.09,0,0,0,0.02,0,0,0.02,0,0,0.02,0,0,0.04,0,0,0,-0.01,0,0.05,0.05,0,0,0,-0.01,0,0.01,0.01,0,0,0,0,0.01,0,0,0,0.01,0,0,0.01
N82,0,0.01,0,0.01,0.01,0.01,0,0,0,0,0,0,0.02,0.01,0.02,0.01,0.01,0,-0.01,0.02,0.02,-0.01,0,0.02,0,0,0,0.01,-0.01,0,-0.01,0.02,0,0.01,0,0,-0.06,0,0,0.01,0.02,0,0,0.04,0,0,0,0,-0.01,0.06,0,0,0,0,0,0.05,0.05,0,0,0,-0.01,0,0,0.02,0,0,0,0,0,0,0,0,0,0,0,0
N83,0,0.01,0,0.01,0.01,0,0,0,0,0,0,-0.01,0.02,0.03,0.02,0.01,0.01,0,-0.01,0.01,0.01,0,-0.01,-0.03,-0.02,0,-0.02,0.01,0.04,-0.01,-0.01,0.01,0.01,0,0.03,0,-0.02,0,0.01,0,0.01,0.01,0,0.07,-0.01,0,-0.02,-0.01,0,0.07,0,0.01,0,0,0,0.09,0.09,0,0,0,-0.01,0,0,0.02,-0.01,0,-0.01,0,0,0,0,0,0,0,0,0
N84,0,0.01,0,0.01,0.01,0.01,0,0,0,0,0,0,0.02,0.01,0.02,0.01,0.01,0,-0.01,0.02,0.02,-0.01,0,0.02,0,0,0,0.01,-0.01,0,-0.01,0.02,0,0.01,0,0,-0.06,0,0,0.01,0.02,0,0,0.04,0,0,0,0,-0.01,0.06,0,0,0,0,0,0.05,0.05,0,0,0,-0.01,0,0,0.02,0,0,0,0,0,0,0,0,0,0,0,0
N85,0.01,0.02,0,0,0.01,0.31,0,0,0,0,-0.01,0,0.02,0,0.04,0.02,0.02,0,-0.01,0.02,0.04,0.02,-0.01,0.02,0.01,0,0,0.01,0,0,0.07,0.01,0,0.23,-0.01,0,-0.03,0,0,0.07,0.1,0,0,0.02,0.01,0,0,0,0,0.04,0,0,0,0,0,0.04,0.04,0,0,0,0,0,0,0.01,0,0,0,0,0,0,0,0,0,0,0,0.01
N86,0,0.01,0,0.01,0.01,0,0,0,0,0,0,0,0.02,0.03,0.02,0.01,0.01,0,-0.01,0.01,0.02,0,-0.01,-0.03,-0.02,0,-0.02,0.01,0.03,-0.01,-0.02,0.01,0.01,0,0.03,0,-0.02,0,0.01,0,0.01,0.01,0,0.06,-0.01,0,-0.02,-0.01,0,0.07,0,0.01,0,0,0,0.08,0.08,0,0,0,-0.01,0,0,0.02,-0.01,0,-0.01,0,0,0,0,0,0,0,0,0
N87,0,0.01,0,0,0.01,0,0,0,0,0,0,-0.01,0.02,0.04,0.01,0.01,0.01,0,-0.01,0.01,0.01,0,-0.01,-0.02,-0.02,0,0,0,-0.27,-0.01,-0.01,0,-0.16,0,0.04,-0.01,-0.02,0.01,0.01,0,0.01,0.01,0,0.13,-0.01,0,-0.02,0,0,0.08,0,0,0,0,0,0.06,0.06,0,0,0,0,0,0,0.05,0,0,0,0,0,0,0,0,0,0,0,-0.01
N88,0,0.01,0,0,0.01,0,0,0,0,0,0,-0.01,0.02,0.04,0.01,0.01,0.01,0,-0.01,0.01,0.01,0,-0.01,-0.02,-0.02,0,0,0,-0.27,-0.01,-0.01,0,-0.13,0,0.05,-0.01,-0.02,0.01,0.01,0,0.01,0.01,0,0.18,-0.01,0,-0.02,0,0,0.08,0,0,0,0,0,0.06,0.06,0,0,0,0,0,0,0.06,0,0,0,0,0,0,0,0,0,0,0,-0.01
N89,0,0.01,0,0.01,0.02,0,0,0,0,0,0.01,0,0.01,0.01,0.01,0.01,0.01,0,0,0.02,0.01,-0.02,0,-0.06,0,0,0,0.01,0.01,0,-0.03,0.02,0.01,0,0.01,0,-0.03,0,0,0,0.02,0,0,0.03,0,0,0.03,-0.02,0.01,0.06,0,0.01,-0.01,-0.03,0,0.07,0.07,0,-0.03,0,-0.01,0,0,0.01,-0.02,-0.02,-0.17,0,0.01,-0.01,0,-0.01,0.01,-0.01,0,0.03
N90,0.01,0,0,0.01,0.02,0,0,0,0,0,0.1,0,0.01,0,0.01,0.01,0.01,0,0.01,0.03,0.01,-0.01,0.01,0.01,0,0,0,0.01,0.01,0,-0.03,0.03,0,0.01,0,0,-0.14,0,0,0,0.02,0,0,0.02,0,0,0.02,0.01,-0.27,0.04,0,0,0,-0.01,0,0.04,0.04,0,0,0,-0.01,0,0.01,0.01,0,0,0,0,0.01,0,0,0,0,0,0,0.01
N91,0,0.03,0,0,0.01,0.18,0,0,0,0,0,0,0.02,-0.01,0.06,0.04,0.04,0,-0.02,0.01,0.05,0.01,-0.01,0.01,0.01,0,0,0.01,0,0,0.15,-0.06,0,0.64,-0.01,0,-0.02,0,0,0.35,0.31,0,0,0.01,0.01,0,0,0,0,0.04,0,0,0,0,0,0.03,0.03,0,0,0,0,0,0,0.01,0,0,0,0,0,0,0,0,0,0,0,0
N92,0,0.02,0,0,0.01,0.01,0,0,0,0,0,0,0.02,0,0.03,0.02,0.02,0,-0.02,0.01,0.03,0,-0.01,0,0.08,0,0,0.01,-0.01,0,0.01,-0.01,0,0,-0.02,-0.01,-0.02,0.01,0.01,0,0.01,0.01,0,0.02,0.01,0,0,0,0,0.05,0,0,0,0,0,0.03,0.03,0,0,0,0,0,0,0.01,0,0,0,0,0,0,0,0,0,0,0,0
N93,0,0.01,0,0.01,0.02,0,0,0,0,0,-0.02,0,0.01,0.01,0.02,0.01,0.01,0,0,0.02,0.02,-0.06,0,0.04,0,0,0,0.01,0.01,0,-0.04,0.03,0,0,0,0,-0.13,0,0,0,0.02,0,0,0.02,0,0,0.01,0,0.01,0.05,0,0,0,-0.01,0,0.05,0.05,0,0,0,-0.01,0,0,0.01,0,0,0,0,0.01,0,0,0,0.01,0,0,0.01
N94,0,0.01,0,0.01,0.01,0.01,0,0,0,0,0.01,0,0.02,0.01,0.03,0.02,0.02,0,-0.01,0.02,0.02,0,0,0,-0.01,0,0,0.01,-0.01,0,-0.01,0.02,0,0,0,0,-0.05,0,0,0.01,0.02,0,0,0.05,0,0,0,0,-0.01,0.06,0,0,0,0,0,0.06,0.06,0,0,0,-0.01,0,0,0.01,0,0,0,0,0,0,0,0,0,0,0,0
N95,0,0.01,0,0.01,0.02,0,0,0,0,0,0.02,0,0.01,0.01,0.01,0.01,0.01,0,0,0.02,0.01,-0.02,0,-0.04,0,0,0,0.01,0.01,0,-0.03,0.02,0,0,0.01,0,-0.03,0,0,0,0.01,0,0,0.02,0,0,0.04,-0.02,0.01,0.05,-0.01,0.01,-0.01,-0.02,-0.01,0.07,0.07,-0.01,-0.02,-0.01,-0.02,-0.01,0,0.01,0,-0.04,0,-0.01,0.03,-0.01,-0.01,-0.83,0.02,-0.01,-0.01,0.03
N96,0,0.01,0,0.01,0.01,0.01,0,0,0,0,0.01,0,0.02,0.01,0.03,0.02,0.02,0,-0.01,0.02,0.02,0,0,0,-0.01,0,0,0.01,-0.01,0,-0.01,0.02,0,0,0,0,-0.05,0,0,0.01,0.02,0,0,0.04,0,0,0,0,-0.02,0.06,0,0,0,0,0,0.05,0.05,0,0,0,-0.01,0,0,0.01,0,0,0,0,0,0,0,0,0,0,0,0.01
N97,0,0.01,0,0.01,0.01,0.01,0,0,0,0,0,0,0.02,0.01,0.02,0.01,0.01,0,-0.01,0.02,0.02,-0.01,0,0.02,0,0,0,0.01,-0.01,0,-0.01,0.02,0,0.01,0,0,-0.06,0,0,0.01,0.02,0,0,0.04,0,0,0,0,-0.01,0.06,0,0,0,0,0,0.05,0.05,0,0,0,-0.01,0,0,0.02,0,0,0,0,0,0,0,0,0,0,0,0
N98,0,0.01,0,0.01,0.02,0,0,0,0,0,-0.01,0,0.01,0.01,0.02,0.01,0.01,0,0,0.02,0.01,-0.03,0,0.07,0,0,0,0.01,0.01,0,-0.04,0.02,0,0,0,0,-0.04,0,0,0,0.02,0,0,0.02,0,0,0.01,0,0,0.05,0,0,0,-0.01,0,0.05,0.05,0,0,0,-0.01,0,0,0.01,0,0,-0.01,0,0.01,0,0,0,0.01,0,0,0.01
N99,0.01,0,0,0.01,0.02,0,0,0,0,0,-0.02,0,0.01,0.01,0.02,0.01,0.01,0,0.01,0.03,0.01,-0.02,0.01,0.02,0,0,0,0.01,0.01,0,-0.03,0.03,0,0.01,0,0,-0.39,0,0,0,0.02,0,0,0.02,0,0,0.02,0,-0.01,0.04,0,0,0,-0.01,0,0.04,0.04,0,0,0,-0.01,0,0.01,0.01,0,0,0,0,0.01,0,0,0,0,0,0,0.01
N100,0,0,0,0.01,0.02,0,0,0,0,0,0.02,0,0.01,0.01,0.01,0.01,0.01,0,0.01,0.03,0.01,-0.01,0,-0.03,0,0,0,0.01,0.01,0,-0.03,0.02,0,0,0,0,-0.03,0,0,0,0.01,0,0,0.02,0,0,0.05,-0.06,0.01,0.05,-0.03,0.02,0,-0.01,-0.02,0.06,0.06,-0.02,-0.01,-0.01,-0.03,-0.01,-0.1,0.01,0.04,0.01,0.02,-0.01,0.05,-0.01,-0.01,0,0.07,-0.01,-0.02,0.03
N101,0,0.02,0,0.01,0.01,0.01,0,0,0,0,-0.01,0,0.02,0,0.04,0.02,0.02,0,-0.01,0.02,0.03,0.02,-0.01,0.02,0,0,0,0.01,0.01,0,-0.17,0.05,0,0,-0.01,0,-0.03,0,0,0,0.04,0,0,0.02,0.01,0,0,0,0,0.04,0,0,0,0,0,0.04,0.04,0,0,0,0,0,0,0.01,0,0,0,0,0,0,0,0,0,0,0,0.01
N102,0,0.01,0,0,0,0,0,0,0,0,0,-0.01,0.03,0,0,0.01,0.01,0,-0.02,0,0.01,0,-0.02,-0.01,-0.01,-0.01,0,0.01,-0.01,0.01,0.01,-0.01,-0.01,0,0,-0.01,-0.01,0.01,0.02,0,0,0.01,0,-0.07,0.02,0.01,-0.01,0,0,0.06,0,0,0,0,0,0.02,0.02,0,0,0,0,0,0,0.01,0,0,0,0,0,0,0,0,0,0,0,-0.01
N103,0,0,0,0.01,0.02,0,0,0,0,0,0.02,0,0.01,0.01,0.01,0.01,0.01,0,0,0.02,0.01,-0.01,0,-0.04,0,0,0,0.01,0.01,0,-0.02,0.02,0,0,0.01,0,-0.02,0,0,0,0.01,0,0,0.02,0,0,0.06,-0.04,0.01,0.06,-0.07,0.03,0.02,0,-0.03,0.07,0.07,-0.08,0,-0.09,-0.03,-0.04,-0.05,0.01,0.07,0,0.02,0,0.05,-0.05,-0.04,0,0.03,-0.03,-0.06,0.04
N104,0,0.01,0,0.01,0.02,0,0,0,0,0,0,0,0.01,0.01,0.02,0.01,0.01,0,0,0.02,0.02,-0.03,0,0.12,0,0,0,0.01,0.01,0,-0.04,0.02,0,0,0,0,-0.04,0,0,0,0.02,0,0,0.03,0,0,0.01,0,0,0.05,0,0,0,-0.01,0,0.06,0.06,0,0,0,-0.01,0,0,0.01,0,0,-0.01,0,0.01,0,0,0,0.01,0,0,0.01
N105,0,0.01,0,0.01,0.02,0,0,0,0,0,0,0,0.01,0.01,0.02,0.01,0.01,0,0,0.02,0.02,-0.05,0,0.12,0,0,0,0.01,0.01,0,-0.04,0.02,0,0,0,0,-0.04,0,0,0,0.02,0,0,0.03,0,0,0.01,0,0,0.05,0,0,0,-0.01,0,0.06,0.06,0,0,0,-0.01,0,0,0.01,0,0,-0.01,0,0.01,0,0,0,0.01,0,0,0.01
N106,0,0.02,0,0,0.01,0.01,0,0,0,0,0,0,0.02,0,0.03,0.02,0.02,0,-0.02,0.01,0.03,0,-0.01,0.01,0.04,0,0,0.01,-0.01,0,0,0,0,0,-0.02,-0.01,-0.02,0.01,0.01,0,0.02,0.01,0,0,0.01,0,0,0,0,0.05,0,0,0,0,0,0.04,0.04,0,0,0,0,0,0,0.01,0,0,0,0,0,0,0,0,0,0,0,0
N107,0,0.02,0,0,0.01,0,0,0,0,0,0,0,0.02,0.02,0.03,0.02,0.02,0,-0.02,0.01,0.02,0,-0.01,-0.01,-0.14,0,0,0.02,-0.02,0,0.01,-0.01,0,0,-0.04,0,-0.02,0.01,0.01,0,0.01,0.01,0,0.05,0.01,0,-0.01,0,0,0.05,0,0,0,0,0,0.04,0.04,0,0,0,0,0,0,0.01,0,0,0,0,0,0,0,0,0,0,0,0
N108,0,0.01,0,0.01,0.02,0,0,0,0,0,0.01,0,0.01,0.01,0.01,0.01,0.01,0,0,0.02,0.01,-0.02,0,-0.04,0,0,0,0.01,0.01,0,-0.03,0.02,0.01,0,0.01,0,-0.04,0,0,0,0.02,0,0,0.03,0,0,0.03,-0.02,0.01,0.06,0,0.01,-0.01,-0.02,0,0.07,0.07,0,-0.05,0,-0.01,0,0.01,0.01,-0.01,-0.06,-0.08,0,0.02,-0.01,0,-0.03,0.02,-0.01,0,0.02
N109,0,0.02,0,0,0.01,0,0,0,0,0,0,0,0.02,0,0.02,0.02,0.02,0,-0.02,0,0.02,0,-0.01,0,0.04,-0.01,0,0.01,-0.01,0,0.01,-0.01,0,0,-0.03,-0.01,-0.02,0.01,0.01,0,0.01,0.01,0,0.01,0.01,0.01,-0.01,0,0,0.05,0,0,0,0,0,0.03,0.03,0,0,0,0,0,0,0.01,0,0,0,0,0,0,0,0,0,0,0,0
N110,0,0.02,0,0,0.01,0,0,0,0,0,0,0,0.02,0.02,0.03,0.02,0.02,0,-0.02,0.01,0.02,0,-0.01,-0.01,-0.14,0,0,0.02,-0.02,0,0.01,-0.01,0,0,-0.04,0,-0.02,0.01,0.01,0,0.01,0.01,0,0.05,0.01,0,-0.01,0,0,0.05,0,0,0,0,0,0.04,0.04,0,0,0,0,0,0,0.01,0,0,0,0,0,0,0,0,0,0,0,0
N111,0.01,0,0,0.01,0.02,0,0,0,0,0,0.09,0,0.01,0,0.01,0.01,0.01,0,0.01,0.03,0.01,-0.01,0.01,0.01,0,0,0,0.01,0.01,0,-0.03,0.03,0,0.01,0,0,-0.11,0,0,0,0.02,0,0,0.02,0,0,0.02,0.01,-0.15,0.04,0,0,0,-0.01,0,0.04,0.04,0,0,0,-0.01,0,0.01,0.01,0,0,0,0,0.01,0,0,0,0,0,0,0.01
N112,0,0.01,0,0.01,0.02,0,0,0,0,0,-0.01,0,0.02,0.01,0.02,0.01,0.01,0,0,0.02,0.02,-0.11,0,0.12,0,0,0,0.01,0.01,0,-0.05,0.03,0,0,0,0,-0.05,0,0,0,0.02,0,0,0.03,0,0,0.01,0,0,0.05,0,0,0,-0.01,0,0.06,0.06,0,0,0,-0.01,0,0,0.01,0,0,-0.01,0,0.01,0,0,0,0.01,0,0,0.01
N113,0,0.01,0,0.01,0.01,0,0,0,0,0,0,-0.01,0.02,0.03,0.02,0.01,0.01,0,-0.01,0.01,0.01,0,-0.01,-0.03,-0.02,0,-0.01,0.01,0.05,-0.01,-0.01,0,0,0,0.04,0,-0.02,0,0.01,0,0.01,0.01,0,0.08,-0.01,0,-0.02,-0.01,0,0.07,0,0.01,0,0,0,0.08,0.08,0,0,0,0,0,0,0.02,-0.01,0,-0.01,0,0,0,0,0,0,0,0,0
N114,0,0.01,0,0.01,0.01,0,0,0,0,0,0,-0.01,0.02,0.03,0.02,0.01,0.01,0,-0.01,0.01,0.01,0,-0.01,-0.03,-0.02,0,-0.01,0.01,0.05,-0.01,-0.01,0,0,0,0.04,0,-0.02,0,0.01,0,0.01,0.01,0,0.08,-0.01,0,-0.02,-0.01,0,0.07,0,0.01,0,0,0,0.08,0.08,0,0,0,0,0,0,0.02,-0.01,0,-0.01,0,0,0,0,0,0,0,0,0
N115,0,0.01,0,0.01,0.01,0,0,0,0,0,0,-0.01,0.02,0.03,0.02,0.01,0.01,0,-0.01,0.01,0.01,0,-0.01,-0.03,-0.02,0,-0.01,0.01,0.05,-0.01,-0.01,0,0,0,0.04,0,-0.02,0,0.01,0,0.01,0.01,0,0.08,-0.01,0,-0.02,-0.01,0,0.07,0,0.01,0,0,0,0.08,0.08,0,0,0,0,0,0,0.02,-0.01,0,-0.01,0,0,0,0,0,0,0,0,0
N116,0,0.01,0,0.01,0.01,0,0,0,0,0,0,-0.01,0.02,0.03,0.02,0.01,0.01,0,-0.01,0.01,0.01,0,-0.01,-0.03,-0.02,0,-0.01,0.01,0.05,-0.01,-0.01,0,0,0,0.04,0,-0.02,0,0.01,0,0.01,0.01,0,0.08,-0.01,0,-0.02,-0.01,0,0.07,0,0.01,0,0,0,0.08,0.08,0,0,0,0,0,0,0.02,-0.01,0,-0.01,0,0,0,0,0,0,0,0,0
N117,0,0.01,0,0.01,0.01,0,0,0,0,0,0,-0.01,0.02,0.03,0.02,0.01,0.01,0,-0.01,0.01,0.01,0,-0.01,-0.03,-0.02,0,-0.01,0.01,0.05,-0.01,-0.01,0,0,0,0.04,0,-0.02,0,0.01,0,0.01,0.01,0,0.08,-0.01,0,-0.02,-0.01,0,0.07,0,0.01,0,0,0,0.08,0.08,0,0,0,0,0,0,0.02,-0.01,0,-0.01,0,0,0,0,0,0,0,0,0
N118,0,0.01,0,0.01,0.01,0,0,0,0,0,0,-0.01,0.02,0.03,0.02,0.01,0.01,0,-0.01,0.01,0.01,0,-0.01,-0.03,-0.02,0,-0.01,0.01,0.05,-0.01,-0.01,0,0,0,0.04,0,-0.02,0,0.01,0,0.01,0.01,0,0.08,-0.01,0,-0.02,-0.01,0,0.07,0,0.01,0,0,0,0.08,0.08,0,0,0,0,0,0,0.02,-0.01,0,-0.01,0,0,0,0,0,0,0,0,0
N119,0,0.01,0,0.01,0.01,0,0,0,0,0,0,-0.01,0.02,0.03,0.02,0.01,0.01,0,-0.01,0.01,0.01,0,-0.01,-0.03,-0.02,0,-0.01,0.01,0.05,-0.01,-0.01,0,0,0,0.04,0,-0.02,0,0.01,0,0.01,0.01,0,0.08,-0.01,0,-0.02,-0.01,0,0.07,0,0.01,0,0,0,0.08,0.08,0,0,0,0,0,0,0.02,-0.01,0,-0.01,0,0,0,0,0,0,0,0,0
N120,0,0.01,0,0.01,0.01,0,0,0,0,0,0,-0.01,0.02,0.03,0.02,0.01,0.01,0,-0.01,0.01,0.01,0,-0.01,-0.03,-0.02,0,-0.01,0.01,0.05,-0.01,-0.01,0,0,0,0.04,0,-0.02,0,0.01,0,0.01,0.01,0,0.08,-0.01,0,-0.02,-0.01,0,0.07,0,0.01,0,0,0,0.08,0.08,0,0,0,0,0,0,0.02,-0.01,0,-0.01,0,0,0,0,0,0,0,0,0
N121,0,0.01,0,0.01,0.01,0,0,0,0,0,0,-0.01,0.02,0.03,0.02,0.01,0.01,0,-0.01,0.01,0.01,0,-0.01,-0.03,-0.02,0,-0.01,0.01,0.05,-0.01,-0.01,0,0,0,0.04,0,-0.02,0,0.01,0,0.01,0.01,0,0.08,-0.01,0,-0.02,-0.01,0,0.07,0,0.01,0,0,0,0.08,0.08,0,0,0,0,0,0,0.02,-0.01,0,-0.01,0,0,0,0,0,0,0,0,0
N122,0,0.01,0,0.01,0.01,0,0,0,0,0,0,-0.01,0.02,0.03,0.02,0.01,0.01,0,-0.01,0.01,0.01,0,-0.01,-0.03,-0.02,0,-0.01,0.01,0.05,-0.01,-0.01,0,0,0,0.04,0,-0.02,0,0.01,0,0.01,0.01,0,0.08,-0.01,0,-0.02,-0.01,0,0.07,0,0.01,0,0,0,0.08,0.08,0,0,0,0,0,0,0.02,-0.01,0,-0.01,0,0,0,0,0,0,0,0,0
N123,0.01,0.02,0,0,0.01,0.31,0,0,0,0,0,0,0.02,-0.01,0.04,0.03,0.03,0,-0.02,0.01,0.05,0.01,-0.01,0.02,0.01,0,0,0.01,0,0,0.14,-0.04,0,0.35,-0.01,0,-0.02,0,0,0.11,0.14,0,-0.01,0.02,0.01,0,0,0,0,0.04,0,0,0,0,0,0.03,0.03,0,0,0,0,0,0,0.01,0,0,0,0,0,0,0,0,0,0,0,0
N124,0,0.02,0,0,0.01,0.01,0,0,0,0,0,0,0.02,0,0.04,0.02,0.02,0,-0.01,0.01,0.03,0,-0.01,0.01,0.04,0,0,0.02,0,0,0,0,0,0,-0.02,0,-0.02,0,0.01,0,0.02,0.01,0,0.03,0.01,0,0,0,0,0.05,0,0,0,0,0,0.04,0.04,0,0,0,0,0,0,0.01,0,0,0,0,0,0,0,0,0,0,0,0
N125,0,0.02,0,0,0.01,0.01,0,0,0,0,0,0,0.02,0,0.04,0.02,0.02,0,-0.01,0.01,0.03,0,-0.01,0.01,0.04,0,0,0.02,0,0,0,0,0,0,-0.02,0,-0.02,0,0.01,0,0.02,0.01,0,0.03,0.01,0,0,0,0,0.05,0,0,0,0,0,0.04,0.04,0,0,0,0,0,0,0.01,0,0,0,0,0,0,0,0,0,0,0,0
N126,0,0.02,0,0,0.01,0.01,0,0,0,0,0,0,0.02,0,0.04,0.02,0.02,0,-0.01,0.01,0.03,0,-0.01,0.01,0.04,0,0,0.02,0,0,0,0,0,0,-0.02,0,-0.02,0,0.01,0,0.02,0.01,0,0.03,0.01,0,0,0,0,0.05,0,0,0,0,0,0.04,0.04,0,0,0,0,0,0,0.01,0,0,0,0,0,0,0,0,0,0,0,0
N127,0,0.02,0,0,0.01,0.01,0,0,0,0,0,0,0.02,0,0.04,0.02,0.02,0,-0.01,0.01,0.03,0,-0.01,0.01,0.04,0,0,0.02,0,0,0,0,0,0,-0.02,0,-0.02,0,0.01,0,0.02,0.01,0,0.03,0.01,0,0,0,0,0.05,0,0,0,0,0,0.04,0.04,0,0,0,0,0,0,0.01,0,0,0,0,0,0,0,0,0,0,0,0
N128,0,0.03,0,0,0.01,0.01,0,0,0,0,-0.01,0,0.02,-0.01,0.05,0.03,0.03,0,-0.02,0.01,0.04,0.01,-0.01,0.02,0.01,0,0,0.01,0.01,0,-0.35,-0.08,0,-0.01,-0.01,0,-0.02,0,0,-0.01,0.06,0.01,0,0.02,0.01,0,0,0,0,0.04,0,0,0,0,0,0.03,0.03,0,0,0,0,0,0,0.01,0,0,0,0,0,0,0,0,0,0,0,0
N129,0,0.03,0,0,0.01,0.02,0,0,0,0,-0.01,0,0.02,-0.01,0.05,0.04,0.03,0,-0.02,0.01,0.04,0.01,-0.01,0.02,0.01,0,0,0.01,0,0,0.4,-0.14,0,-0.02,-0.01,0,-0.02,0,0,-0.02,0.09,0.01,0,0.02,0.01,0,0,0,0,0.04,0,0,0,0,0,0.03,0.03,0,0,0,0,0,0,0.01,0,0,0,0,0,0,0,0,0,0,0,0
N130,0,0.02,0,0.01,0.01,0,0,0,0,0,0,0,0.02,0.01,0.03,0.02,0.02,0,-0.01,0.01,0.03,0,-0.01,0.01,0,0,0,0.01,0.01,0,-0.02,0.01,0,0,-0.06,0,-0.02,0,0.01,0,0.02,0.01,0,0.04,0,0,0,0,0,0.05,0,0,0,0,0,0.05,0.05,0,0,0,0,0,0,0.01,0,0,0,0,0,0,0,0,0,0,0,0
N131,0,0.01,0,0.01,0.01,0,0,0,0,0,0,-0.01,0.02,0.03,0.01,0.01,0.01,0,-0.01,0.01,0.01,0,-0.01,-0.03,-0.02,0,-0.01,0.01,0.12,-0.01,-0.01,0,-0.01,0,0.04,0,-0.02,0,0.01,0,0.01,0.01,0,0.09,-0.01,0,-0.02,-0.01,0,0.08,0,0,0,0,0,0.08,0.08,0,0,0,0,0,0,0.03,-0.01,0,-0.01,0,0,0,0,0,0,0,0,0
N132,0,0.01,0,0.01,0.02,0,0,0,0,0,0.02,0,0.01,0.02,0.01,0.01,0.01,0,0,0.02,0.01,-0.01,0,-0.04,0,0,0,0.01,0.01,0,-0.02,0.02,0.01,0,0.01,0,-0.03,0,0,0,0.01,0,0,0.02,0,0,0.06,-0.04,0.01,0.06,-0.01,0.02,-0.01,-0.01,0.02,0.07,0.07,0.04,-0.02,0,-0.02,-0.01,-0.05,0.01,0.03,0.01,0,0.01,0.02,-0.02,-0.01,-0.03,0.02,-0.05,-0.01,0.04
N133,0,0.01,0,0.01,0.02,0,0,0,0,0,-0.08,0,0.01,0.01,0.02,0.01,0.01,0,0,0.02,0.02,-0.06,0,0.03,0,0,0,0.01,0.01,0,-0.05,0.03,0,0.01,0,0,-0.23,0,0,0,0.02,0,0,0.02,0,0,0.02,0,0.01,0.05,0,0,0,-0.01,0,0.04,0.04,0,0,0,-0.01,0,0,0.01,0,0,0,0,0.01,0,0,0,0,0,0,0.01
N134,0,0.01,0,0.01,0.02,0,0,0,0,0,0.01,0,0.01,0.02,0.01,0.01,0.01,0,0,0.02,0.01,-0.01,0,-0.04,0,0,0,0.01,0.01,0,-0.02,0.02,0.01,0,0.01,0,-0.02,0,0,0,0.01,0,0,0.02,-0.01,0,0.09,-0.03,0.01,0.06,0.01,0.04,0.05,0.03,0.07,0.08,0.08,0.02,0,0.03,-0.02,0.02,-0.03,0,0,0,0.02,0.01,-0.04,0.03,0.03,0,0.01,-0.01,0.03,0.05
N135,0,0.03,0,0,0.01,0.01,0,0,0,0,0,0,0.02,-0.01,0.06,0.04,0.04,0,-0.02,0.01,0.05,0.01,-0.01,0.01,0.01,0,0,0.01,0,0,0.08,-0.06,0,-0.01,-0.01,0,-0.02,0,0,-0.01,0.06,0.01,0,0.01,0.01,0,0,0,0,0.04,0,0,0,0,0,0.03,0.03,0,0,0,0,0,0,0.01,0,0,0,0,0,0,0,0,0,0,0,0
N136,0,0.01,0,0.01,0.01,0.01,0,0,0,0,0.01,0,0.02,0.01,0.02,0.02,0.02,0,-0.01,0.02,0.02,-0.01,0,0.01,-0.01,0,0,0.01,-0.01,0,-0.01,0.02,0,0,0,0,-0.05,0,0,0.01,0.02,0,0,0.04,0,0,0,0,-0.01,0.06,0,0,0,0,0,0.06,0.06,0,0,0,-0.01,0,0,0.01,0,0,0,0,0,0,0,0,0,0,0,0.01
N137,0,0.01,0,0.01,0.01,0,0,0,0,0,0,-0.01,0.02,0.03,0.02,0.01,0.01,0,-0.01,0.01,0.01,0,-0.01,-0.03,-0.02,0,-0.01,0.01,0.04,-0.01,-0.01,0.01,0.01,0,0.03,0,-0.02,0,0.01,0,0.01,0.01,0,0.07,-0.01,0,-0.02,-0.01,0,0.07,0,0.01,0,0,0,0.08,0.08,0,0,0,-0.01,0,0,0.02,-0.01,0,-0.01,0,0,0,0,0,0,0,0,0
N138,0.03,0.01,0,0,0,0.56,0,0,0,0,0,0,0.02,-0.01,0.01,0,0,0,-0.03,0.01,0.07,0.01,0,0.01,0,0,0,0.01,0,0,0.07,-0.02,0,0.17,-0.01,0,-0.01,0,0,0.05,0.06,0,-0.03,0.01,0.01,0,0,0,0,0.04,0,0,0,0,0,0.03,0.03,0,0,0,0,0,0,0.01,0,0,0,0,0,0,0,0,0,0,0,0
N139,0,0.01,0,0.01,0.02,0,0,0,0,0,-0.03,0,0.02,0,0.03,0.01,0.01,0,0,0.02,0.02,-0.07,0,0.03,0,0,0,0.01,0.01,0,-0.07,0.03,0,0,0,0,-0.14,0,0,0,0.03,0,0,0.02,0,0,0.01,0,0,0.05,0,0,0,-0.01,0,0.05,0.05,0,0,0,-0.01,0,0,0.01,0,0,0,0,0.01,0,0,0,0,0,0,0.01
N140,0,0.02,0,0,0.01,0,0,0,0,0,0,0,0.02,0.01,0.03,0.02,0.02,0,-0.01,0.01,0.02,0,-0.01,0.01,-0.01,0,0,0.01,0,0,-0.01,0,0,0,-0.18,0,-0.02,0,0.01,0,0.02,0.01,0,0.06,0,0,-0.01,0,0,0.06,0,0,0,0,0,0.05,0.05,0,0,0,0,0,0,0.01,0,0,0,0,0,0,0,0,0,0,0,0
N141,0,0.01,0,0.01,0.02,0,0,0,0,0,0.02,0,0.01,0.02,0.01,0.01,0.01,0,0,0.02,0.01,-0.01,0,-0.05,0,0,0,0.01,0.01,0,-0.02,0.02,0.01,0,0.01,0,-0.02,0,0,0,0.01,0,0,0.02,0,0,0.08,-0.03,0.01,0.06,0.16,0.03,-0.09,-0.02,0.02,0.08,0.08,0.16,0,0,-0.02,-0.04,-0.03,0.01,0.16,0,0,0.05,0.01,-0.05,-0.04,0,0.02,-0.1,-0.03,0.04
N142,0,0.01,0,0.01,0.02,0,0,0,0,0,0.02,0,0.01,0.02,0.01,0.01,0.01,0,0,0.02,0.01,-0.01,0,-0.05,0,0,0,0.01,0.01,0,-0.02,0.02,0.01,0,0.01,0,-0.02,0,0,0,0.01,0,0,0.02,0,0,0.07,-0.03,0.01,0.06,-0.3,0.02,-0.01,-0.01,0,0.07,0.07,0.48,0,-0.03,-0.03,-0.05,-0.05,0.01,0.2,0,0.01,0.03,0.03,-0.06,-0.06,0,0.02,-0.06,-0.06,0.04
N143,0,0,0,0.01,0.02,0,0,0,0,0,0.02,0,0.01,0.01,0.01,0.01,0.01,0,0,0.02,0.01,-0.01,0,-0.04,0,0,0,0.01,0.01,0,-0.02,0.02,0,0,0.01,0,-0.03,0,0,0,0.01,0,0,0.02,0,0,0.06,-0.04,0.01,0.06,-0.15,0.02,0,-0.01,-0.02,0.07,0.07,-0.16,0,-0.03,-0.03,-0.03,-0.05,0.01,0.1,0.01,0.02,0,0.05,-0.03,-0.03,0,0.03,-0.03,-0.04,0.03
N144,0,0,0,0.01,0.02,0,0,0,0,0,0.03,0,0.01,0.01,0.01,0.01,0.01,0,0.01,0.03,0.01,-0.01,0,-0.03,0,0,0,0.01,0.01,0,-0.03,0.02,0,0,0,0,-0.03,0,0,0,0.01,0,0,0.02,0,0,0.04,-0.05,0.02,0.05,-0.02,0.01,0,-0.02,-0.01,0.06,0.06,-0.01,-0.06,-0.01,-0.02,-0.01,0,0.01,0.03,0.1,0,-0.01,0.03,-0.01,-0.01,-0.02,0.03,-0.01,-0.01,0.03
N145,0,0.01,0,0.01,0.01,0,0,0,0,0,0,0,0.02,0.03,0.02,0.01,0.01,0,-0.01,0.01,0.02,0,-0.01,-0.03,-0.02,0,-0.02,0.01,0.03,-0.01,-0.02,0.01,0.01,0,0.03,0,-0.02,0,0.01,0,0.01,0.01,0,0.06,-0.01,0,-0.02,-0.01,0,0.07,0,0.01,0,0,0,0.08,0.08,0,0,0,-0.01,0,0,0.02,-0.01,0,-0.01,0,0,0,0,0,0,0,0,0
N146,0,0,0,0.01,0.02,0,0,0,0,0,0.02,0,0.01,0.01,0.01,0.01,0.01,0,0.01,0.02,0.01,-0.01,0,-0.03,0,0,0,0.01,0.01,0,-0.03,0.02,0,0,0,0,-0.03,0,0,0,0.01,0,0,0.02,0,0,0.04,-0.03,0.02,0.05,-0.01,0.01,0,-0.02,-0.01,0.06,0.06,-0.01,-0.1,-0.01,-0.02,-0.01,0,0.01,0.02,0.15,0,-0.01,0.03,-0.01,-0.01,-0.03,0.02,-0.01,-0.01,0.03
N147,0,0.01,0,0.01,0.01,0.01,0,0,0,0,0,0,0.02,0.01,0.02,0.01,0.01,0,-0.01,0.02,0.02,-0.01,0,0.02,0,0,0,0.01,-0.01,0,-0.01,0.02,0,0.01,0,0,-0.06,0,0,0.01,0.02,0,0,0.04,0,0,0,0,-0.01,0.06,0,0,0,0,0,0.05,0.05,0,0,0,-0.01,0,0,0.02,0,0,0,0,0,0,0,0,0,0,0,0
N148,0,0.01,0,0.01,0.01,0.01,0,0,0,0,0.01,0,0.02,0.01,0.03,0.02,0.02,0,-0.01,0.02,0.02,0,0,0,-0.01,0,0,0.01,-0.01,0,-0.01,0.02,0,0,0,0,-0.05,0,0,0.01,0.02,0,0,0.04,0,0,0,0,-0.01,0.06,0,0,0,0,0,0.05,0.05,0,0,0,-0.01,0,0,0.01,0,0,0,0,0,0,0,0,0,0,0,0
N149,0,0.01,0,0.01,0.01,0.03,0,0,0,0,0,0,0.02,0.01,0.02,0.01,0.01,0,-0.01,0.01,0.02,-0.01,-0.01,0.03,0,0,0,0.01,-0.02,0,0,0,-0.01,0.02,0.01,0,-0.04,0,0.01,0.01,0.02,0.01,0,0.03,0,0,0,0,0,0.06,0,0,0,0,0,0.05,0.05,0,0,0,0,0,0,0.02,0,0,-0.01,0,0,0,0,0,0,0,0,0
N150,0,0.01,0,0.01,0.01,0,0,0,0,0,0,-0.01,0.02,0.03,0.01,0.01,0.01,0,-0.01,0.01,0.01,-0.01,0,-0.04,-0.02,0,-0.02,0.01,0.02,-0.01,-0.02,0.01,0.01,0,0.03,0,-0.02,0,0.01,0,0.01,0,0,0.05,-0.01,0,-0.03,-0.01,0,0.08,0,0.01,0,0,0,0.11,0.11,0,0,0,-0.01,0,0,0.01,-0.01,0,-0.01,0,0,0,0,0,0.01,0,0,0
N151,0,0.01,0,0.01,0.01,0,0,0,0,0,0,0,0.02,0.02,0.01,0.01,0.01,0,0,0.02,0.01,-0.01,0,-0.1,-0.01,0,0.01,0.01,0.02,-0.01,-0.02,0.01,0.01,0,0.02,0,-0.03,0,0,0,0.01,0,0,0.04,-0.01,0,-0.02,-0.01,0.01,0.07,0,0.01,0,0,0,0.09,0.09,0,0,0,-0.01,0,0,0.01,-0.01,0,-0.01,0,0,0,0,0,0.01,0,0,0.02
N152,0,0.01,0,0.01,0.01,0,0,0,0,0,0,0,0.02,0.02,0.01,0.01,0.01,0,0,0.02,0.01,-0.01,0,-0.1,-0.01,0,0.01,0.01,0.02,-0.01,-0.02,0.01,0.01,0,0.02,0,-0.03,0,0,0,0.01,0,0,0.04,-0.01,0,-0.02,-0.01,0.01,0.07,0,0.01,0,0,0,0.09,0.09,0,0,0,-0.01,0,0,0.01,-0.01,0,-0.01,0,0,0,0,0,0.01,0,0,0.02
N153,0,0.01,0,0.01,0.01,0,0,0,0,0,0,0,0.02,0.02,0.01,0.01,0.01,0,0,0.02,0.01,-0.01,0,-0.1,-0.01,0,0.01,0.01,0.02,-0.01,-0.02,0.01,0.01,0,0.02,0,-0.03,0,0,0,0.01,0,0,0.04,-0.01,0,-0.02,-0.01,0.01,0.07,0,0.01,0,0,0,0.09,0.09,0,0,0,-0.01,0,0,0.01,-0.01,0,-0.01,0,0,0,0,0,0.01,0,0,0.02
N154,0,0.01,0,0.01,0.01,0,0,0,0,0,0,0,0.02,0.02,0.01,0.01,0.01,0,0,0.02,0.01,-0.01,0,-0.1,-0.01,0,0.01,0.01,0.02,-0.01,-0.02,0.01,0.01,0,0.02,0,-0.03,0,0,0,0.01,0,0,0.04,-0.01,0,-0.02,-0.01,0.01,0.07,0,0.01,0,0,0,0.09,0.09,0,0,0,-0.01,0,0,0.01,-0.01,0,-0.01,0,0,0,0,0,0.01,0,0,0.02
N155,0,0.01,0,0.01,0.01,0,0,0,0,0,0,-0.01,0.02,0.03,0.01,0.01,0.01,0,0,0.01,0.01,-0.01,0,-0.06,-0.01,0,0.01,0.01,0.02,-0.01,-0.02,0.01,0.01,0,0.02,0,-0.02,0,0.01,0,0.01,0,0,0.04,-0.01,0,-0.06,-0.01,0.01,0.08,0.01,0.01,0,0.01,0.01,0.11,0.11,0,0,0,-0.01,0,-0.01,0.01,-0.01,0,-0.01,0,0,0,0,0,0.01,0,0.01,0.03
N156,0,0.01,0,0.01,0.01,0,0,0,0,0,0,-0.01,0.02,0.03,0.01,0.01,0.01,0,-0.01,0.01,0.01,-0.01,0,-0.04,-0.02,0,-0.02,0.01,0.02,-0.01,-0.02,0.01,0.01,0,0.03,0,-0.02,0,0.01,0,0.01,0,0,0.05,-0.01,0,-0.03,-0.01,0,0.08,0,0.01,0,0,0,0.11,0.11,0,0,0,-0.01,0,0,0.01,-0.01,0,-0.01,0,0,0,0,0,0.01,0,0,0
N157,0,0.01,0,0.01,0.01,0,0,0,0,0,0,-0.01,0.02,0.03,0.01,0.01,0.01,0,-0.01,0.01,0.01,-0.01,0,-0.06,-0.01,0,0.01,0.01,0.02,-0.01,-0.02,0.01,0.01,0,0.02,0,-0.02,0,0.01,0,0.01,0,0,0.05,-0.01,0,-0.03,-0.01,0.01,0.08,0.01,0.01,0,0,0,0.11,0.11,0,0,0,-0.01,0,-0.01,0.01,-0.01,0,-0.01,0,0,0,0,0,0.01,0,0,0.02
N158,0,0.01,0,0.01,0.02,0,0,0,0,0,0.01,0,0.01,0.01,0.02,0.01,0.01,0,0,0.02,0.01,-0.03,0,0.12,0,0,0,0.01,0.01,0,-0.03,0.02,0.01,0,0.01,0,-0.04,0,0,0,0.02,0,0,0.03,0,0,0.01,-0.01,0.01,0.06,0,0.01,-0.01,-0.02,0,0.07,0.07,0,-0.02,0,-0.01,0,0,0.01,-0.01,-0.02,-0.06,0,0.01,0,0,-0.01,0.01,-0.01,0,0.02
N159,0,0.01,0,0,0.01,0,0,0,0,0,0,0,0.02,0.01,0.01,0.01,0.01,0,-0.01,0.01,0.01,-0.01,0,-0.04,-0.01,0,0.01,0,0.01,-0.01,-0.02,0.01,0.02,0,0.02,0,-0.02,0,0.01,0,0.01,0,0,0.04,-0.01,0,-0.02,-0.01,0,0.08,0.01,0.01,0,0.01,0.01,0.12,0.12,0,0,0,-0.01,0,-0.01,0.01,-0.01,0,-0.01,0,0,0,0,0,0.01,0,0.01,0.03
N160,0,0.01,0,0.01,0.01,0,0,0,0,0,0,-0.01,0.02,0.03,0.01,0.01,0.01,0,-0.01,0.01,0.01,0,-0.01,-0.03,-0.02,0,-0.02,0.01,0.04,-0.01,-0.01,0.01,0.01,0,0.03,0,-0.02,0,0.01,0,0.01,0.01,0,0.07,-0.01,0,-0.02,-0.01,0,0.07,0,0.01,0,0,0,0.09,0.09,0,0,0,-0.01,0,0,0.02,-0.01,0,-0.01,0,0,0,0,0,0,0,0,0
N161,0,0.01,0,0.01,0.01,0,0,0,0,0,0,-0.01,0.02,0.03,0.01,0.01,0.01,0,-0.01,0.01,0.01,-0.01,0,-0.04,-0.02,0,-0.02,0.01,0.02,-0.01,-0.02,0.01,0.01,0,0.03,0,-0.02,0,0.01,0,0.01,0,0,0.05,-0.01,0,-0.03,-0.01,0,0.08,0,0.01,0,0,0,0.11,0.11,0,0,0,-0.01,0,0,0.01,-0.01,0,-0.01,0,0,0,0,0,0.01,0,0,0
N162,0,0.01,0,0.01,0.01,0,0,0,0,0,0,-0.01,0.02,0.03,0.01,0.01,0.01,0,-0.01,0.01,0.01,-0.01,0,-0.06,-0.01,0,0.01,0.01,0.02,-0.01,-0.02,0.01,0.01,0,0.02,0,-0.02,0,0.01,0,0.01,0,0,0.04,-0.01,0,-0.05,-0.01,0.01,0.08,0.01,0.01,0,0.01,0.01,0.11,0.11,0,0,0,-0.01,0,-0.01,0.01,-0.01,0,-0.01,0,0,0,0,0,0.01,0,0.01,0.03
N163,0,0.02,0,0.01,0.01,0.01,0,0,0,0,-0.01,0,0.02,0,0.05,0.03,0.03,0,-0.01,0.02,0.03,0.01,-0.01,0.02,0.01,0,0,0.01,0.01,0,-0.27,-0.08,0,-0.01,-0.01,0,-0.03,0,0,0,0.05,0,0,0.02,0.01,0,0,0,0,0.04,0,0,0,0,0,0.04,0.04,0,0,0,0,0,0,0.01,0,0,0,0,0,0,0,0,0,0,0,0.01
N164,0,0.02,0,0.01,0.01,0.01,0,0,0,0,-0.01,0,0.02,0,0.05,0.03,0.03,0,-0.01,0.02,0.03,0.01,-0.01,0.02,0.01,0,0,0.01,0.01,0,-0.27,-0.08,0,-0.01,-0.01,0,-0.03,0,0,0,0.05,0,0,0.02,0.01,0,0,0,0,0.04,0,0,0,0,0,0.04,0.04,0,0,0,0,0,0,0.01,0,0,0,0,0,0,0,0,0,0,0,0.01
N165,0,0.02,0,0.01,0.01,0.01,0,0,0,0,-0.01,0,0.02,0,0.05,0.03,0.03,0,-0.01,0.02,0.03,0.01,-0.01,0.02,0.01,0,0,0.01,0.01,0,-0.27,-0.08,0,-0.01,-0.01,0,-0.03,0,0,0,0.05,0,0,0.02,0.01,0,0,0,0,0.04,0,0,0,0,0,0.04,0.04,0,0,0,0,0,0,0.01,0,0,0,0,0,0,0,0,0,0,0,0.01
N166,0,0.01,0,0.01,0.01,0,0,0,0,0,0,-0.01,0.02,0.03,0.01,0.01,0.01,0,-0.01,0.01,0.01,-0.01,0,-0.04,-0.02,0,-0.02,0.01,0.02,-0.01,-0.02,0.01,0.01,0,0.03,0,-0.02,0,0.01,0,0.01,0,0,0.05,-0.01,0,-0.03,-0.01,0,0.08,0,0.01,0,0,0,0.11,0.11,0,0,0,-0.01,0,0,0.01,-0.01,0,-0.01,0,0,0,0,0,0.01,0,0,0
N167,0,0.01,0,0.01,0.01,0,0,0,0,0,0,0,0.02,0.02,0.02,0.01,0.01,0,0,0.02,0.01,-0.03,0,0.27,-0.01,0,0,0.01,0.02,0,-0.03,0.02,0.01,0,0.01,0,-0.03,0,0,0,0.02,0,0,0.04,-0.01,0,0,-0.01,0.01,0.06,0,0.01,0,-0.01,0,0.08,0.08,0,0,0,-0.01,0,0,0.01,-0.01,0,-0.02,0,0.01,0,0,0,0.01,0,0,0.02
N168,0,0.01,0,0.01,0.01,0,0,0,0,0,0,-0.01,0.02,0.03,0.01,0.01,0.01,0,-0.01,0.01,0.01,-0.01,-0.01,-0.04,-0.02,0,0,0.01,0.03,-0.01,-0.02,0.01,0.01,0,0.03,0,-0.02,0,0.01,0,0.01,0,0,0.06,-0.01,0,-0.03,-0.01,0,0.08,0,0.01,0,0,0,0.09,0.09,0,0,0,-0.01,0,0,0.01,-0.01,0,-0.01,0,0,0,0,0,0.01,0,0,0
N169,0,0.01,0,0.01,0.02,0,0,0,0,0,0.01,0,0.01,0.02,0.01,0.01,0.01,0,0,0.02,0.01,-0.02,0,-0.11,-0.01,0,0,0.01,0.01,0,-0.03,0.02,0.01,0,0.01,0,-0.03,0,0,0,0.01,0,0,0.03,0,0,0.03,-0.02,0.01,0.06,0.01,0.01,-0.02,-0.03,0,0.08,0.08,0,0,0,-0.01,0,-0.01,0.01,-0.02,0,0.31,0.01,0.01,0,0,0,0.01,-0.01,0,0.03
N170,0,0.01,0,0.01,0.01,0,0,0,0,0,0,0,0.02,0.02,0.02,0.01,0.01,0,-0.01,0.01,0.01,-0.01,0,0.01,-0.01,0,-0.1,0.01,0.03,-0.01,-0.02,0.01,0.01,0,0.02,0,-0.03,0,0.01,0,0.01,0,0,0.05,-0.01,0,-0.01,-0.01,0.01,0.07,0,0.01,0,0,0,0.08,0.08,0,-0.01,0,-0.01,0,0,0.01,-0.01,-0.01,-0.02,0,0,0,0,0,0.01,0,0,0.01
N171,0,0.01,0,0.01,0.02,0,0,0,0,0,0.01,0,0.01,0.01,0.02,0.01,0.01,0,0,0.02,0.01,-0.03,0,0.12,0,0,0,0.01,0.01,0,-0.03,0.02,0.01,0,0.01,0,-0.04,0,0,0,0.02,0,0,0.03,0,0,0.01,-0.01,0.01,0.06,0,0.01,-0.01,-0.02,0,0.07,0.07,0,-0.02,0,-0.01,0,0,0.01,-0.01,-0.02,-0.06,0,0.01,0,0,-0.01,0.01,-0.01,0,0.02
N172,0,0.01,0,0.01,0.02,0,0,0,0,0,0.01,0,0.01,0.01,0.02,0.01,0.01,0,0,0.02,0.01,-0.03,0,0.12,0,0,0,0.01,0.01,0,-0.03,0.02,0.01,0,0.01,0,-0.04,0,0,0,0.02,0,0,0.03,0,0,0.01,-0.01,0.01,0.06,0,0.01,-0.01,-0.02,0,0.07,0.07,0,-0.02,0,-0.01,0,0,0.01,-0.01,-0.02,-0.06,0,0.01,0,0,-0.01,0.01,-0.01,0,0.02
N173,0,0.01,0,0.01,0.02,0,0,0,0,0,0.01,0,0.01,0.01,0.02,0.01,0.01,0,0,0.02,0.01,-0.03,0,0.12,0,0,0,0.01,0.01,0,-0.03,0.02,0.01,0,0.01,0,-0.04,0,0,0,0.02,0,0,0.03,0,0,0.01,-0.01,0.01,0.06,0,0.01,-0.01,-0.02,0,0.07,0.07,0,-0.02,0,-0.01,0,0,0.01,-0.01,-0.02,-0.06,0,0.01,0,0,-0.01,0.01,-0.01,0,0.02
N174,0,0.01,0,0.01,0.02,0,0,0,0,0,0.01,0,0.01,0.01,0.02,0.01,0.01,0,0,0.02,0.01,-0.03,0,0.12,0,0,0,0.01,0.01,0,-0.03,0.02,0.01,0,0.01,0,-0.04,0,0,0,0.02,0,0,0.03,0,0,0.01,-0.01,0.01,0.06,0,0.01,-0.01,-0.02,0,0.07,0.07,0,-0.02,0,-0.01,0,0,0.01,-0.01,-0.02,-0.06,0,0.01,0,0,-0.01,0.01,-0.01,0,0.02
N175,0,0.01,0,0.01,0.02,0,0,0,0,0,0.01,0,0.01,0.01,0.02,0.01,0.01,0,0,0.02,0.01,-0.03,0,0.12,0,0,0,0.01,0.01,0,-0.03,0.02,0.01,0,0.01,0,-0.04,0,0,0,0.02,0,0,0.03,0,0,0.01,-0.01,0.01,0.06,0,0.01,-0.01,-0.02,0,0.07,0.07,0,-0.02,0,-0.01,0,0,0.01,-0.01,-0.02,-0.06,0,0.01,0,0,-0.01,0.01,-0.01,0,0.02
N176,0,0.01,0,0.01,0.02,0,0,0,0,0,0.01,0,0.01,0.01,0.02,0.01,0.01,0,0,0.02,0.01,-0.03,0,0.12,0,0,0,0.01,0.01,0,-0.03,0.02,0.01,0,0.01,0,-0.04,0,0,0,0.02,0,0,0.03,0,0,0.01,-0.01,0.01,0.06,0,0.01,-0.01,-0.02,0,0.07,0.07,0,-0.02,0,-0.01,0,0,0.01,-0.01,-0.02,-0.06,0,0.01,0,0,-0.01,0.01,-0.01,0,0.02
N177,0,0.01,0,0.01,0.02,0,0,0,0,0,0.01,0,0.01,0.01,0.02,0.01,0.01,0,0,0.02,0.01,-0.03,0,0.12,0,0,0,0.01,0.01,0,-0.03,0.02,0.01,0,0.01,0,-0.04,0,0,0,0.02,0,0,0.03,0,0,0.01,-0.01,0.01,0.06,0,0.01,-0.01,-0.02,0,0.07,0.07,0,-0.02,0,-0.01,0,0,0.01,-0.01,-0.02,-0.06,0,0.01,0,0,-0.01,0.01,-0.01,0,0.02
N178,0,0.01,0,0.01,0.01,0,0,0,0,0,0,-0.01,0.02,0.03,0.01,0.01,0.01,0,-0.01,0.01,0.01,0,-0.01,-0.03,-0.02,0,-0.07,0.01,0.03,-0.01,-0.01,0.01,0.02,0,0.03,0,-0.02,0,0.01,0,0.01,0,0,0.06,-0.01,0,-0.02,-0.01,0,0.08,0,0.01,0,0,0,0.09,0.09,0,0,0,-0.01,0,0,0.01,-0.01,0,-0.01,0,0,0,0,0,0,0,0,0
N179,0,0.01,0,0.01,0.02,0,0,0,0,0,0.01,0,0.01,0.02,0.01,0.01,0.01,0,0,0.02,0.01,-0.02,0,-0.13,-0.01,0,0.01,0.01,0.01,0,-0.02,0.01,0.01,0,0.01,0,-0.03,0,0,0,0.01,0,0,0.03,-0.01,0,0,-0.01,0.01,0.06,0.01,0.01,-0.01,-0.02,0,0.08,0.08,0,0,0,-0.01,0,-0.01,0.01,-0.02,0,-0.07,0,0.01,0,0,0,0.01,-0.01,0,0.03
N180,0,0.02,0,0,0.01,0,0,0,0,0,0,0,0.02,0.01,0.03,0.02,0.02,0,-0.01,0.01,0.02,0,-0.01,0,-0.02,0,0,0.01,0,0,-0.01,0,0,0,-0.29,0,-0.02,0.01,0.01,0,0.01,0.01,0,0.07,0,0,-0.01,0,0,0.06,0,0,0,0,0,0.05,0.05,0,0,0,0,0,0,0.02,0,0,0,0,0,0,0,0,0,0,0,0
N181,0,0.01,0,0.01,0.01,0,0,0,0,0,0,-0.01,0.02,0.03,0.01,0.01,0.01,0,-0.01,0.01,0.01,-0.01,0,-0.04,-0.02,0,0.03,0.01,0.03,-0.01,-0.02,0.01,0.01,0,0.03,0,-0.02,0,0.01,0,0.01,0,0,0.06,-0.01,0,-0.03,-0.01,0,0.08,0,0.01,0,0,0,0.1,0.1,0,0,0,-0.01,0,0,0.01,-0.01,0,-0.01,0,0,0,0,0,0.01,0,0,0.01
N182,0,0.01,0,0.01,0.01,0,0,0,0,0,0,-0.01,0.02,0.03,0.01,0.01,0.01,0,-0.01,0.01,0.01,-0.01,0,-0.04,-0.02,0,0.03,0.01,0.03,-0.01,-0.02,0.01,0.01,0,0.03,0,-0.02,0,0.01,0,0.01,0,0,0.06,-0.01,0,-0.03,-0.01,0,0.08,0,0.01,0,0,0,0.1,0.1,0,0,0,-0.01,0,0,0.01,-0.01,0,-0.01,0,0,0,0,0,0.01,0,0,0.01
N183,0,0.01,0,0.01,0.01,0,0,0,0,0,0.01,0,0.02,0.02,0.01,0.01,0.01,0,0,0.02,0.01,-0.01,0,-0.11,-0.01,0,0.01,0.01,0.02,-0.01,-0.02,0.01,0.01,0,0.01,0,-0.03,0,0,0,0.01,0,0,0.04,-0.01,0,-0.02,-0.01,0.01,0.07,0.01,0.01,-0.01,-0.01,0,0.09,0.09,0,0,0,-0.01,0,-0.01,0.01,-0.02,0,-0.05,0,0,0,0,0,0.01,0,0,0.03
N184,0,0.01,0,0.01,0.01,0,0,0,0,0,0,0,0.02,0.03,0.01,0.01,0.01,0,-0.01,0.01,0.01,-0.01,0,-0.06,-0.01,0,-0.09,0.01,0.03,-0.01,-0.02,0.01,0.01,0,0.02,0,-0.02,0,0.01,0,0.01,0,0,0.05,-0.01,0,-0.02,-0.01,0.01,0.07,0.01,0.01,0,0,0,0.09,0.09,0,0,0,-0.01,0,-0.01,0.01,-0.01,0,-0.02,0,0,0,0,0,0.01,0,0,0.01
N185,0,0.01,0,0.01,0.01,0,0,0,0,0,0,-0.01,0.02,0.03,0.01,0.01,0.01,0,-0.01,0.01,0.01,0,-0.01,-0.03,-0.02,0,-0.02,0.01,0.03,-0.01,-0.01,0.01,0.01,0,0.03,0,-0.02,0,0.01,0,0.01,0,0,0.06,-0.01,0,-0.02,-0.01,0,0.08,0,0.01,0,0,0,0.09,0.09,0,0,0,-0.01,0,0,0.01,-0.01,0,-0.01,0,0,0,0,0,0,0,0,0
N186,0,0.01,0,0.01,0.01,0,0,0,0,0,0,-0.01,0.02,0.03,0.01,0.01,0.01,0,-0.01,0.01,0.01,0,-0.01,-0.03,-0.02,0,-0.02,0.01,0.03,-0.01,-0.01,0.01,0.01,0,0.03,0,-0.02,0,0.01,0,0.01,0,0,0.06,-0.01,0,-0.02,-0.01,0,0.08,0,0.01,0,0,0,0.09,0.09,0,0,0,-0.01,0,0,0.01,-0.01,0,-0.01,0,0,0,0,0,0,0,0,0
N187,0,0.01,0,0.01,0.01,0,0,0,0,0,0,-0.01,0.02,0.03,0.01,0.01,0.01,0,-0.01,0.01,0.01,0,-0.01,-0.03,-0.02,0,-0.02,0.01,0.03,-0.01,-0.01,0.01,0.01,0,0.03,0,-0.02,0,0.01,0,0.01,0,0,0.06,-0.01,0,-0.02,-0.01,0,0.08,0,0.01,0,0,0,0.09,0.09,0,0,0,-0.01,0,0,0.01,-0.01,0,-0.01,0,0,0,0,0,0,0,0,0
N188,0,0.01,0,0.01,0.01,0,0,0,0,0,0,0,0.02,0.03,0.01,0.01,0.01,0,0,0.01,0.01,-0.01,0,-0.06,-0.01,0,0.01,0.01,0.02,-0.01,-0.02,0.01,0.01,0,0.02,0,-0.02,0,0.01,0,0.01,0,0,0.04,-0.01,0,-0.04,-0.01,0.01,0.07,0.01,0.01,0,0.01,0.01,0.1,0.1,0,0,0,-0.01,0,-0.01,0.01,-0.01,0,-0.01,0,0,0,0,0,0.01,0,0.01,0.03
N189,0,0.01,0,0.01,0.01,0,0,0,0,0,0,0,0.02,0.03,0.01,0.01,0.01,0,0,0.01,0.01,-0.01,0,-0.08,-0.01,0,0.01,0.01,0.02,-0.01,-0.02,0.01,0.01,0,0.02,0,-0.02,0,0.01,0,0.01,0,0,0.04,-0.01,0,-0.05,-0.01,0.01,0.07,0.01,0.01,-0.01,0.01,0.01,0.1,0.1,0.01,0,0,-0.01,0,-0.01,0.01,-0.01,0,-0.02,0,0,0,0,0,0.01,0,0.01,0.04
N190,0,0.01,0,0.01,0.01,0,0,0,0,0,0,-0.01,0.02,0.03,0.01,0.01,0.01,0,-0.01,0.01,0.01,-0.01,0,-0.06,-0.01,0,0.01,0.01,0.02,-0.01,-0.02,0.01,0.01,0,0.02,0,-0.02,0,0.01,0,0.01,0,0,0.04,-0.01,0,-0.05,-0.01,0.01,0.08,0.01,0.01,0,0.01,0.01,0.11,0.11,0,0,0,-0.01,0,-0.01,0.01,-0.01,0,-0.01,0,0,0,0,0,0.01,0,0.01,0.03
N191,0,0.01,0,0,0.01,0,0,0,0,0,0,0,0.02,0,0.01,0.01,0.01,0,-0.01,0.01,0.01,-0.01,0,0,-0.01,0,0.01,0,0,-0.01,-0.02,0.01,0.02,0,0.02,0,-0.02,0,0.01,0,0.01,0,0,0.04,-0.01,0,0,-0.01,0,0.08,0,0.01,0,0.01,0.01,0.12,0.12,0,0,0,-0.01,0,-0.01,0.01,-0.01,0,-0.01,0,0,0,0,0,0.01,0,0.01,0.03
N192,0,0.01,0,0.01,0.01,0,0,0,0,0,0,-0.01,0.02,0.03,0.01,0.01,0.01,0,-0.01,0.01,0.01,-0.01,0,-0.05,-0.01,0,0.01,0,0.02,-0.01,-0.02,0.01,0.02,0,0.02,0,-0.02,0,0.01,0,0.01,0,0,0.04,-0.01,0,-0.05,-0.01,0.01,0.08,0.01,0.01,0,0.01,0.01,0.12,0.12,0,0,0,-0.01,0,-0.01,0.01,-0.01,0,-0.01,0,0,0,0,0,0.01,0,0.01,0.03
N193,0,0.01,0,0,0.01,0,0,0,0,0,0,-0.01,0.02,0,0.01,0.01,0.01,0,-0.01,0.01,0.01,-0.01,0,-0.05,-0.01,0,0.01,0,0,-0.01,-0.02,0.01,0.02,0,0.02,0,-0.02,0,0.01,0,0.01,0,0,0.04,-0.01,0,0,-0.01,0.01,0.08,0.01,0.01,0,0.01,0.01,0.12,0.12,0,0,0,-0.01,0,-0.01,0.01,-0.01,0,-0.01,0,0,0,0,0,0.01,0,0.01,0.03
N194,0,0.01,0,0,0.01,0,0,0,0,0,0,-0.01,0.02,0,0.01,0.01,0.01,0,-0.01,0.01,0.01,-0.01,0,-0.05,-0.01,0,0.01,0,0,-0.01,-0.02,0.01,0.02,0,0.02,0,-0.02,0,0.01,0,0.01,0,0,0.04,-0.01,0,0,-0.01,0.01,0.08,0.01,0.01,0,0.01,0.01,0.12,0.12,0,0,0,-0.01,0,-0.01,0.01,-0.01,0,-0.01,0,0,0,0,0,0.01,0,0.01,0.03
N195,0,0.01,0,0.01,0.01,0,0,0,0,0,0,-0.01,0.02,0.03,0.02,0.01,0.01,0,0,0.02,0.01,-0.01,0,-0.05,-0.01,0,0,0.01,0.03,0,-0.02,0.01,0.01,0,0.02,0,-0.03,0,0,0,0.01,0,0,0.04,-0.01,0,-0.03,-0.01,0.01,0.07,0.01,0.01,0,0.01,0,0.08,0.08,0,0,0,-0.01,0,0,0.01,-0.01,0,-0.02,0,0,0,0,0,0.01,0,0,0.02
N196,0,0.01,0,0.01,0.01,0,0,0,0,0,0,-0.01,0.02,0.03,0.02,0.01,0.01,0,0,0.02,0.01,-0.01,0,-0.05,-0.01,0,0,0.01,0.03,0,-0.02,0.01,0.01,0,0.02,0,-0.03,0,0,0,0.01,0,0,0.04,-0.01,0,-0.03,-0.01,0.01,0.07,0.01,0.01,0,0.01,0,0.08,0.08,0,0,0,-0.01,0,0,0.01,-0.01,0,-0.02,0,0,0,0,0,0.01,0,0,0.02
N197,0,0.01,0,0.01,0.01,0,0,0,0,0,0,-0.01,0.02,0.03,0.01,0.01,0.01,0,-0.01,0.01,0.01,-0.01,0,-0.04,-0.02,0,-0.09,0.01,0.03,-0.01,-0.02,0.01,0.01,0,0.02,0,-0.02,0,0.01,0,0.01,0,0,0.05,-0.01,0,-0.03,-0.01,0,0.07,0,0.01,0,0,0,0.09,0.09,0,0,0,-0.01,0,0,0.01,-0.01,0,-0.01,0,0,0,0,0,0.01,0,0,0.01
N198,0,0.01,0,0.01,0.01,0,0,0,0,0,0,-0.01,0.02,0.03,0.01,0.01,0.01,0,-0.01,0.01,0.01,0,-0.01,-0.03,-0.02,0,-0.01,0.01,0.07,-0.01,-0.01,0,-0.01,0,0.05,-0.01,-0.02,0.01,0.01,0,0.01,0.01,0,0.17,-0.01,0,-0.02,0,0,0.08,0,0,0,0,0,0.07,0.07,0,0,0,0,0,0,0.05,0,0,-0.01,0,0,0,0,0,0,0,0,-0.01
N199,0,0.01,0,0.01,0.01,0,0,0,0,0,0,-0.01,0.02,0.03,0.01,0.01,0.01,0,-0.01,0.01,0.01,0,-0.01,-0.03,-0.02,0,-0.01,0.01,0.07,-0.01,-0.01,0,-0.01,0,0.05,-0.01,-0.02,0.01,0.01,0,0.01,0.01,0,0.17,-0.01,0,-0.02,0,0,0.08,0,0,0,0,0,0.07,0.07,0,0,0,0,0,0,0.05,0,0,-0.01,0,0,0,0,0,0,0,0,-0.01
N200,0,0.01,0,0.01,0.01,0,0,0,0,0,0,-0.01,0.02,0.03,0.01,0.01,0.01,0,-0.01,0.01,0.01,0,-0.01,-0.03,-0.02,0,-0.01,0.01,0.07,-0.01,-0.01,0,-0.01,0,0.05,-0.01,-0.02,0.01,0.01,0,0.01,0.01,0,0.17,-0.01,0,-0.02,0,0,0.08,0,0,0,0,0,0.07,0.07,0,0,0,0,0,0,0.05,0,0,-0.01,0,0,0,0,0,0,0,0,-0.01
N201,0,0.01,0,0.01,0.01,0,0,0,0,0,0,-0.01,0.02,0.03,0.01,0.01,0.01,0,-0.01,0.01,0.01,0,-0.01,-0.03,-0.02,0,-0.01,0.01,0.07,-0.01,-0.01,0,-0.01,0,0.05,-0.01,-0.02,0.01,0.01,0,0.01,0.01,0,0.17,-0.01,0,-0.02,0,0,0.08,0,0,0,0,0,0.07,0.07,0,0,0,0,0,0,0.05,0,0,-0.01,0,0,0,0,0,0,0,0,-0.01
N202,0,0.02,0,0,0.01,0,0,0,0,0,0,0,0.02,0.02,0.03,0.02,0.02,0,-0.01,0.01,0.02,0,-0.01,-0.02,-0.1,0,0,0.01,-0.03,0,0,0,0,0,0.08,0,-0.02,0.01,0.01,0,0.01,0.01,0,0.06,0,0,-0.02,0,0,0.06,0,0,0,0,0,0.05,0.05,0,0,0,0,0,0,0.01,0,0,0,0,0,0,0,0,0,0,0,0
N203,0,0.02,0,0,0.01,0,0,0,0,0,0,0,0.02,0.02,0.03,0.02,0.02,0,-0.01,0.01,0.02,0,-0.01,-0.02,-0.1,0,0,0.01,-0.03,0,0,0,0,0,0.08,0,-0.02,0.01,0.01,0,0.01,0.01,0,0.06,0,0,-0.02,0,0,0.06,0,0,0,0,0,0.05,0.05,0,0,0,0,0,0,0.01,0,0,0,0,0,0,0,0,0,0,0,0
N204,0,0.01,0,0.01,0.01,0,0,0,0,0,0,-0.01,0.02,0.03,0.01,0.01,0.01,0,-0.01,0.01,0.01,0,-0.01,-0.03,-0.02,0,0,0.01,0.03,-0.01,-0.01,0.01,0.02,0,0.03,0,-0.02,0,0.01,0,0.01,0,0,0.06,-0.01,0,-0.02,-0.01,0,0.08,0,0.01,0,0,0,0.1,0.1,0,0,0,-0.01,0,0,0.01,-0.01,0,-0.01,0,0,0,0,0,0,0,0,0
N205,0,0.01,0,0.01,0.01,0,0,0,0,0,0,-0.01,0.02,0.03,0.01,0.01,0.01,0,-0.01,0.01,0.01,0,-0.01,-0.03,-0.02,0,0,0.01,0.03,-0.01,-0.01,0.01,0.02,0,0.03,0,-0.02,0,0.01,0,0.01,0,0,0.06,-0.01,0,-0.02,-0.01,0,0.08,0,0.01,0,0,0,0.1,0.1,0,0,0,-0.01,0,0,0.01,-0.01,0,-0.01,0,0,0,0,0,0,0,0,0
N206,0,0.01,0,0.01,0.01,0,0,0,0,0,0,-0.01,0.02,0.03,0.02,0.01,0.01,0,-0.01,0.01,0.01,-0.01,-0.01,-0.02,-0.02,0,-0.04,0.01,0.03,-0.01,-0.02,0.01,0.01,0,0.03,0,-0.02,0,0.01,0,0.01,0,0,0.06,-0.01,0,-0.02,-0.01,0,0.07,0,0.01,0,0,0,0.09,0.09,0,0,0,-0.01,0,0,0.01,-0.01,0,-0.01,0,0,0,0,0,0.01,0,0,0.01
N207,0,0.01,0,0.01,0.01,0,0,0,0,0,0,-0.01,0.02,0.03,0.02,0.01,0.01,0,-0.01,0.01,0.01,0,-0.01,-0.03,-0.02,0,-0.04,0.01,0.03,-0.01,-0.02,0.01,0.01,0,0.03,0,-0.02,0,0.01,0,0.01,0.01,0,0.06,-0.01,0,-0.02,-0.01,0,0.07,0,0.01,0,0,0,0.09,0.09,0,0,0,-0.01,0,0,0.01,-0.01,0,-0.01,0,0,0,0,0,0,0,0,0
N208,0,0.01,0,0.01,0.01,0,0,0,0,0,0,-0.01,0.02,0.03,0.02,0.01,0.01,0,-0.01,0.01,0.01,0,-0.01,-0.03,-0.02,0,-0.02,0.01,0.04,-0.01,-0.01,0.01,0.01,0,0.03,0,-0.02,0,0.01,0,0.01,0.01,0,0.07,-0.01,0,-0.02,-0.01,0,0.07,0,0.01,0,0,0,0.09,0.09,0,0,0,-0.01,0,0,0.02,-0.01,0,-0.01,0,0,0,0,0,0,0,0,0
N209,0,0.01,0,0.01,0.01,0,0,0,0,0,0,-0.01,0.02,0.04,0.01,0.01,0.01,0,-0.01,0.01,0.01,0,-0.01,-0.03,-0.02,0,0,0.01,0.01,-0.01,-0.01,0.01,0.06,0,0.03,0,-0.02,0,0.01,0,0.01,0,0,0.05,-0.01,0,-0.03,-0.01,0,0.08,0,0.01,0,0,0,0.11,0.11,0,0,0,0,0,0,0.01,-0.01,0,-0.01,0,0,0,0,0,0,0,0,-0.01
N210,0,0.01,0,0.01,0.01,0,0,0,0,0,0,-0.01,0.02,0.03,0.01,0.01,0.01,0,-0.01,0.01,0.01,-0.01,0,-0.05,-0.02,0,0,0.01,0.03,-0.01,-0.02,0.01,0.01,0,0.02,0,-0.02,0,0.01,0,0.01,0,0,0.05,-0.01,0,-0.03,-0.01,0.01,0.07,0.01,0.01,0,0,0,0.09,0.09,0,0,0,-0.01,0,0,0.01,-0.01,0,-0.01,0,0,0,0,0,0.01,0,0,0.01
N211,0,0.01,0,0.01,0.01,0,0,0,0,0,0,-0.01,0.02,0.03,0.01,0.01,0.01,0,-0.01,0.01,0.01,-0.01,0,-0.04,-0.02,0,-0.02,0.01,0.02,-0.01,-0.02,0.01,0.01,0,0.03,0,-0.02,0,0.01,0,0.01,0,0,0.05,-0.01,0,-0.03,-0.01,0,0.08,0.01,0.01,0,0,0,0.11,0.11,0,0,0,-0.01,0,0,0.01,-0.01,0,-0.01,0,0,0,0,0,0.01,0,0,0
N212,0,0.01,0,0.01,0.01,0,0,0,0,0,0,-0.01,0.02,0.03,0.02,0.01,0.01,0,-0.01,0.01,0.01,0,-0.01,-0.03,-0.02,0,-0.02,0.01,0.04,-0.01,-0.01,0.01,0.01,0,0.03,0,-0.02,0,0.01,0,0.01,0.01,0,0.07,-0.01,0,-0.02,-0.01,0,0.07,0,0.01,0,0,0,0.09,0.09,0,0,0,-0.01,0,0,0.02,-0.01,0,-0.01,0,0,0,0,0,0,0,0,0
N213,0,0.01,0,0.01,0.01,0,0,0,0,0,0,-0.01,0.02,0.03,0.02,0.01,0.01,0,-0.01,0.01,0.01,0,-0.01,-0.03,-0.02,0,-0.02,0.01,0.04,-0.01,-0.01,0.01,0.01,0,0.03,0,-0.02,0,0.01,0,0.01,0.01,0,0.07,-0.01,0,-0.02,-0.01,0,0.07,0,0.01,0,0,0,0.08,0.08,0,0,0,-0.01,0,0,0.02,-0.01,0,-0.01,0,0,0,0,0,0,0,0,0
N214,0,0.01,0,0.01,0.01,0,0,0,0,0,0,-0.01,0.02,0.04,0.01,0.01,0.01,0,-0.01,0.01,0.01,0,-0.01,-0.03,-0.02,0,0,0,-0.06,-0.01,-0.01,0,-0.45,0,0.03,0,-0.02,0,0.01,0,0.01,0,0,0.08,-0.01,0,-0.02,-0.01,0,0.08,0,0.01,0,0,0,0.09,0.09,0,0,0,0,0,0,0.02,-0.01,0,-0.01,0,0,0,0,0,0,0,0,-0.01
N215,0,0.01,0,0.01,0.01,0,0,0,0,0,0,-0.01,0.02,0.04,0.01,0.01,0.01,0,-0.01,0.01,0.01,0,-0.01,-0.03,-0.02,0,0,0,-0.06,-0.01,-0.01,0,-0.45,0,0.03,0,-0.02,0,0.01,0,0.01,0,0,0.08,-0.01,0,-0.02,-0.01,0,0.08,0,0.01,0,0,0,0.09,0.09,0,0,0,0,0,0,0.02,-0.01,0,-0.01,0,0,0,0,0,0,0,0,-0.01
N216,0,0.01,0,0.01,0.01,0,0,0,0,0,0,-0.01,0.02,0.04,0.01,0.01,0.01,0,-0.01,0.01,0.01,0,-0.01,-0.03,-0.02,0,0,0,-0.04,-0.01,-0.01,0,-0.3,0,0.03,0,-0.02,0,0.01,0,0.01,0,0,0.06,-0.02,0,-0.02,-0.01,0,0.09,0,0.01,0,0,0,0.11,0.11,0,0,0,0,0,0,0.02,-0.01,0,-0.01,0,0,0,0,0,0,0,0,-0.01
N217,0,0.01,-0.01,0,0,0,0,0,0,0,0,-0.06,0.03,-0.06,0,0.01,0.01,0,-0.01,0,0.01,0,-0.01,-0.01,-0.01,-0.01,0,-0.03,-0.01,-0.18,0,0,0,0,0.01,-0.02,-0.01,0.01,0.01,0,0,0.01,0,-0.02,0.05,-0.01,-0.01,0,0,0.07,0,0,0,0,0,0,0,0,0,0,0,0,0,-0.01,0,0,0,0,0,0,0,0,0,0,0,-0.02
N218,0,0.01,-0.01,0,0,0,0,0,0,0,0,-0.06,0.03,-0.06,0,0.01,0.01,0,-0.01,0,0.01,0,-0.01,-0.01,-0.01,-0.01,0,-0.03,-0.01,-0.18,0,0,0,0,0.01,-0.02,-0.01,0.01,0.01,0,0,0.01,0,-0.02,0.05,-0.01,-0.01,0,0,0.07,0,0,0,0,0,0,0,0,0,0,0,0,0,-0.02,0,0,0,0,0,0,0,0,0,0,0,-0.02
N219,0,0.01,-0.01,0,0,0,0,0,0,0,0,-0.01,0.03,-0.08,-0.01,0,0,0,-0.02,0,0.01,0,-0.01,0,0,-0.01,0,-0.05,0,-0.04,0.01,0,0,0,0,-0.03,-0.01,0.01,0.01,0,0,0.01,0,-0.02,0.06,-0.07,0,0,0,0.05,0,0,0,0,0,0,0,0,0,0,0,0,0,0,0,0,0,0,0,0,0,0,0,0,0,-0.01
N220,0,0.01,-0.01,0,0,0,0,0,0,0,0,-0.13,0.03,-0.08,0,0.01,0.01,0,-0.02,0,0.01,0,-0.01,0,0,-0.01,0,-0.04,-0.01,-0.52,0.01,0,0,0,0,-0.01,-0.01,0.01,0.01,0,0,0.01,0,-0.03,0.11,0.02,0,0,0,0.06,0,0,0,0,0,0,0,0,0,0,0,0,0,0,0,0,0,0,0,0,0,0,0,0,0,-0.01
N221,0,0.01,-0.01,0,0,0,0,0,0,0,0,-0.13,0.03,-0.08,0,0.01,0.01,0,-0.02,0,0.01,0,-0.01,0,0,-0.01,0,-0.04,-0.01,-0.48,0.01,0,0,0,0,-0.01,-0.01,0.01,0.01,0,0,0.01,0,-0.03,0.11,0.02,0,0,0,0.06,0,0,0,0,0,0,0,0,0,0,0,0,0,0,0,0,0,0,0,0,0,0,0,0,0,-0.01
N222,0,0.01,-0.01,0,0,0,0,0,0,0,0,-0.01,0.03,-0.09,-0.01,0,0,0,-0.02,0,0,0,-0.01,0,0,-0.01,0,-0.05,0,-0.03,0.01,0,0,0,0,-0.03,-0.01,0.01,0.01,0,0,0.01,0,-0.02,0.04,-0.05,0,0,0,0.05,0,0,0,0,0,0,0,0,0,0,0,0,0,0,0,0,0,0,0,0,0,0,0,0,0,-0.01
N223,0,0.01,0,0,0.01,0,0,0,0,0,0,-0.03,0.02,0.05,0,0.01,0.01,0,-0.01,0,0.01,0,-0.01,-0.02,-0.01,0,0,-0.01,-0.07,-0.05,0,0,-0.02,0,0.03,-0.01,-0.01,0.01,0.01,0,0.01,0,0,-0.03,-0.04,0,-0.02,0,0,0.1,0,0,0,0,0,0,0,0,0,0,0,0,0,0,0,0,0,0,0,0,0,0,0,0,0,-0.03
N224,0,0.01,-0.01,0,0,0,0,0,0,0,0,-0.04,0.03,-0.19,0,0,0,0,-0.01,0,0.01,0,-0.01,-0.01,0,-0.01,0,-0.04,-0.01,0.03,0,0,0,0,0.01,-0.01,-0.01,0.01,0.01,0,0,0,0,-0.02,0.37,0,0,0,0,0.07,0,0,0,0,0,-0.01,-0.01,0,0,0,0,0,0,-0.01,0,0,0,0,0,0,0,0,0,0,0,-0.01
N225,-0.01,-0.02,0,0,0,0,0,0,0,0,0,0.01,0.04,-0.02,-0.02,-0.02,-0.02,0,-0.05,-0.03,-0.07,0,-0.05,0,0,-0.49,0,0.01,0,0,0.01,-0.01,0,0,0,0,0,-0.02,-0.02,0,-0.01,0,-0.01,-0.01,0.01,0,0,0,0,0.03,0,0,0,0,0,0.01,0.01,0,0,0,0,0,0,0,0,0,0,0,0,0,0,0,0,0,0,0
N226,-0.01,0,0.01,0,0,0,0,0,0,0,0,0.01,0.03,-0.02,-0.04,-0.02,-0.02,0,-0.05,-0.02,0,0,-0.04,0,0,-0.04,0,0,0,0,0.01,-0.01,0,0,0,0,0,0,-0.01,0,-0.01,-0.01,-0.02,-0.01,0.02,0,0,0,0,0.03,0,0,0,0,0,0.01,0.01,0,0,0,0,0,0,0,0,0,0,0,0,0,0,0,0,0,0,0
N227,-0.01,0.06,0,0,0,0.01,0,0,0,0.01,0,0.01,0.02,-0.01,0.11,0.09,0.09,0,-0.04,0,0.08,0,-0.03,0.01,0.01,0,0,0.01,0,0,0.03,-0.02,0,-0.01,-0.01,0,-0.01,-0.01,0,0,-0.03,0,0,0,0.01,0,0,0,0,0.04,0,0,0,0,0,0.02,0.02,0,0,0,0,0,0,0.01,0,0,0,0,0,0,0,0,0,0,0,0
N228,-0.03,0.11,0,0,0,0,0,0,0,0,0,0.01,0.02,-0.01,-0.3,-0.31,-0.3,0,-0.07,-0.01,0.13,0,-0.04,0.01,0,0,0,0.01,0,0,0.03,-0.02,0,-0.01,-0.01,0,-0.01,-0.01,0,0,-0.03,-0.02,-0.02,0,0.01,0,0,0,0,0.04,0,0,0,0,0,0.02,0.02,0,0,0,0,0,0,0.01,0,0,0,0,0,0,0,0,0,0,0,0
N229,-0.01,0.06,0,0,0,0.01,0,0,0,0.01,0,0.01,0.02,-0.01,0.11,0.09,0.09,0,-0.04,0,0.08,0,-0.03,0.01,0.01,0,0,0.01,0,0,0.03,-0.02,0,-0.01,-0.01,0,-0.01,-0.01,0,0,-0.04,0,0,0,0.01,0,0,0,0,0.04,0,0,0,0,0,0.02,0.02,0,0,0,0,0,0,0.01,0,0,0,0,0,0,0,0,0,0,0,0
N230,0.01,0.02,0,0,0,0.01,0,0,0,0.01,0,0.01,0.02,-0.01,-1.37,-0.4,0.41,0,-0.01,0.01,0.03,0,-0.01,0.01,0.01,0,0,0.01,0,0,0.04,-0.02,0,-0.01,-0.01,0,-0.01,-0.01,0,0,-0.04,0.02,0.01,0,0.01,0,0,0,0,0.04,0,0,0,0,0,0.02,0.02,0,0,0,0,0,0,0.01,0,0,0,0,0,0,0,0,0,0,0,0
N231,-0.01,0.01,0,0,0,0,-0.01,0,0,0.01,0,0.03,0.03,-0.05,-0.01,0,0,0,-0.03,-0.01,0,0,-0.02,0,0,0,0,-0.02,0,0.01,0.01,-0.01,0,0,0,-0.01,-0.01,0,0,0,-0.01,0,0,-0.03,0.03,0.01,0,0,0,0.04,0,0,0,0,0,0.01,0.01,0,0,0,0,0,0,0,0,0,0,0,0,0,0,0,0,0,0,0
N232,-0.01,-0.02,0,0,0,0,-0.01,0,0,0,0,0.01,0.03,-0.02,-0.03,-0.02,-0.02,0,-0.05,-0.03,-0.07,0,-0.05,0,0,-0.42,0,0.01,0,0,0.01,-0.01,0,0,0,0,0,-0.02,-0.02,0,-0.01,0,-0.01,-0.01,0.01,0,0,0,0,0.03,0,0,0,0,0,0.01,0.01,0,0,0,0,0,0,0,0,0,0,0,0,0,0,0,0,0,0,0
N233,-0.01,0.03,0,0,0,0.01,0,0,0,0,0,0.01,0.02,-0.02,0.08,0.02,0.02,0,-0.03,0,0.04,0,-0.02,0.01,0.01,-0.01,0,0.01,0,0.01,0.02,-0.02,0,-0.01,-0.01,0,-0.01,0,0,0,-0.01,0.03,-0.01,0,0.02,0.01,0,0,0,0.04,0,0,0,0,0,0.02,0.02,0,0,0,0,0,0,0.01,0,0,0,0,0,0,0,0,0,0,0,0
N234,-0.01,0,0,0,0,0,0,0,0,-0.01,0,0.01,0.1,-0.02,-0.01,-0.01,-0.01,0.14,-0.02,-0.01,-0.02,0,-0.02,0,0,-0.02,0,0,0,0,0.01,0,0,0,0,0.02,0,0,-0.01,0,0,0,0,-0.01,0.01,0,0,0,0,0.03,0,0,0,0,0,0.01,0.01,0,0,0,0,0,0,0,0,0,0,0,0,0,0,0,0,0,0,0
N235,0,0.01,0.01,0,0,0,0,0,0,0,0,0.01,0.03,-0.03,-0.01,0,0,0,-0.02,0,0,0,-0.02,0,0.01,-0.02,0,-0.04,0,0.01,0.01,-0.01,0,0,-0.01,-0.01,-0.01,0.01,0.02,0,0,0.01,0,-0.01,0.02,0.01,0,0,0,0.04,0,0,0,0,0,0.01,0.01,0,0,0,0,0,0,0,0,0,0,0,0,0,0,0,0,0,0,0
N236,-0.01,0.06,0,0,0,0.01,0,0,0,0.01,0,0.01,0.02,-0.01,0.11,0.09,0.08,0,-0.03,0,0.08,0,-0.02,0.01,0.01,0,0,0.01,0,0,0.03,-0.02,0,-0.01,-0.01,0,-0.01,-0.01,0,0,-0.04,0,0,0,0.01,0,0,0,0,0.04,0,0,0,0,0,0.02,0.02,0,0,0,0,0,0,0.01,0,0,0,0,0,0,0,0,0,0,0,0
N237,-0.01,0.06,0,0,0,0.01,0,0,0,0.01,0,0.01,0.02,-0.01,0.11,0.09,0.08,0,-0.03,0,0.08,0,-0.02,0.01,0.01,0,0,0.01,0,0,0.03,-0.02,0,-0.01,-0.01,0,-0.01,-0.01,0,0,-0.04,0,0,0,0.01,0,0,0,0,0.04,0,0,0,0,0,0.02,0.02,0,0,0,0,0,0,0.01,0,0,0,0,0,0,0,0,0,0,0,0
N238,-0.01,0.06,0,0,0,0.01,0,0,0,0.01,0,0.01,0.02,-0.01,0.11,0.09,0.08,0,-0.03,0,0.08,0,-0.02,0.01,0.01,0,0,0.01,0,0,0.03,-0.02,0,-0.01,-0.01,0,-0.01,-0.01,0,0,-0.04,0,0,0,0.01,0,0,0,0,0.04,0,0,0,0,0,0.02,0.02,0,0,0,0,0,0,0.01,0,0,0,0,0,0,0,0,0,0,0,0
N239,-0.01,0.06,0,0,0,0.01,0,0,0,0.01,0,0.01,0.02,-0.01,0.11,0.09,0.08,0,-0.03,0,0.08,0,-0.02,0.01,0.01,0,0,0.01,0,0,0.03,-0.02,0,-0.01,-0.01,0,-0.01,-0.01,0,0,-0.04,0,0,0,0.01,0,0,0,0,0.04,0,0,0,0,0,0.02,0.02,0,0,0,0,0,0,0.01,0,0,0,0,0,0,0,0,0,0,0,0
N240,-0.01,0,0.01,0,0,0,0,0,0,0,0,0.01,0.03,-0.02,-0.04,-0.02,-0.02,0,-0.05,-0.02,0,0,-0.04,0,0,-0.04,0,0,0,0,0.01,-0.01,0,0,0,0,0,0,-0.01,0,-0.01,-0.01,-0.02,-0.01,0.02,0,0,0,0,0.03,0,0,0,0,0,0.01,0.01,0,0,0,0,0,0,0,0,0,0,0,0,0,0,0,0,0,0,0
N241,-0.01,0.01,0,0,0,0,-0.01,0,0,0.01,0,0.03,0.03,-0.05,-0.01,0,0,0,-0.03,-0.01,0,0,-0.02,0,0,0,0,-0.02,0,0.01,0.01,-0.01,0,0,0,-0.01,-0.01,0,0,0,-0.01,0,0,-0.03,0.03,0.01,0,0,0,0.04,0,0,0,0,0,0.01,0.01,0,0,0,0,0,0,0,0,0,0,0,0,0,0,0,0,0,0,0
N242,0,0.01,0,0,0,0,0,0,0,0,0,0.04,0.03,-0.05,-0.01,0.01,0.01,0,-0.02,0,0.01,0,-0.02,0,0,-0.01,0,-0.03,0,0.02,0.01,-0.01,0,0,0,-0.01,-0.01,0.01,0.02,0,0,0.01,0,-0.04,0.04,0.01,0,0,0,0.05,0,0,0,0,0,0.01,0.01,0,0,0,0,0,0,0.01,0,0,0,0,0,0,0,0,0,0,0,0
N243,0,0.01,0,0,0,0,0,0,0,0,0,0.04,0.03,-0.05,-0.01,0.01,0.01,0,-0.02,0,0.01,0,-0.02,0,0,-0.01,0,-0.03,0,0.02,0.01,-0.01,0,0,0,-0.01,-0.01,0.01,0.02,0,0,0.01,0,-0.04,0.04,0.01,0,0,0,0.05,0,0,0,0,0,0.01,0.01,0,0,0,0,0,0,0.01,0,0,0,0,0,0,0,0,0,0,0,0
N244,0,0.01,0,0,0,0,0,0,0,0,0,0.04,0.03,-0.05,-0.01,0.01,0.01,0,-0.02,0,0.01,0,-0.02,0,0,-0.01,0,-0.03,0,0.02,0.01,-0.01,0,0,0,-0.01,-0.01,0.01,0.02,0,0,0.01,0,-0.04,0.04,0.01,0,0,0,0.05,0,0,0,0,0,0.01,0.01,0,0,0,0,0,0,0.01,0,0,0,0,0,0,0,0,0,0,0,0
N245,0.01,-0.01,0,0,0,0,0,0,0,0,0,0,0.01,0,-0.01,-0.01,-0.01,0,0.09,0.1,-0.01,0,0.05,0.01,0,0,0,0.01,0,0,0,0,0,0,0,0,0.01,0,0,0,0,0,0.01,0.01,0.01,0,0.01,0,0,0.03,0,0,0,0,0,0.02,0.02,0,0,0,0,0,0,0,0,0,0,0,0,0,0,0,0,0,0,0.01
N246,-0.01,0,0.01,0,0,0,0,0,0,0,0,0.01,0.03,-0.02,-0.04,-0.02,-0.02,0,-0.05,-0.02,0,0,-0.04,0,0,-0.04,0,0,0,0,0.01,-0.01,0,0,0,0,0,0,-0.01,0,-0.01,-0.01,-0.02,-0.01,0.02,0,0,0,0,0.03,0,0,0,0,0,0.01,0.01,0,0,0,0,0,0,0,0,0,0,0,0,0,0,0,0,0,0,0
N247,-0.01,-0.01,0,0,0,0,0,0,0,0,0,0.01,0.05,-0.02,-0.02,-0.01,-0.01,0.01,-0.03,-0.02,-0.04,0,-0.03,0,0,-0.03,0,0.01,0,0,0.01,-0.01,0,0,0,0.01,0,-0.01,-0.02,0,-0.01,0,-0.01,-0.01,0.01,0,0,0,0,0.03,0,0,0,0,0,0.01,0.01,0,0,0,0,0,0,0,0,0,0,0,0,0,0,0,0,0,0,0
N248,-0.01,-0.01,0,0,0,0,0,0,0,0,0,0.01,0.05,-0.02,-0.02,-0.01,-0.01,0.01,-0.03,-0.02,-0.04,0,-0.03,0,0,-0.03,0,0.01,0,0,0.01,-0.01,0,0,0,0.01,0,-0.01,-0.02,0,-0.01,0,-0.01,-0.01,0.01,0,0,0,0,0.03,0,0,0,0,0,0.01,0.01,0,0,0,0,0,0,0,0,0,0,0,0,0,0,0,0,0,0,0
N249,-0.01,0,0.01,0,0,0,0,0,0,0,0,0.01,0.03,-0.02,-0.04,-0.02,-0.02,0,-0.05,-0.02,0,0,-0.04,0,0,-0.04,0,0,0,0,0.01,-0.01,0,0,0,0,0,0,-0.01,0,-0.01,-0.01,-0.02,-0.01,0.02,0,0,0,0,0.03,0,0,0,0,0,0.01,0.01,0,0,0,0,0,0,0,0,0,0,0,0,0,0,0,0,0,0,0
N250,-0.01,0.01,0,0,0,0,0,0,0,0.01,0,0.03,0.03,-0.05,-0.01,0,0,0,-0.02,-0.01,0,0,-0.02,0,0,0,0,-0.02,0,0.01,0.01,-0.01,0,0,0,-0.01,-0.01,0,0.01,0,-0.01,0.01,0,-0.03,0.03,0.01,0,0,0,0.05,0,0,0,0,0,0.01,0.01,0,0,0,0,0,0,0,0,0,0,0,0,0,0,0,0,0,0,0
N251,-0.03,-0.08,0,0,0,0,0,0,0,0,0,0,0.01,-0.01,-0.03,-0.04,-0.04,0,-0.22,-0.03,0.01,0,-0.07,0.01,0,0,0,0.01,0,0,0,0,0,0,0,0,0,-0.01,0,0,-0.01,-0.01,-0.03,0.01,0.01,0,0.01,0,0,0.03,0,0,0,0,0,0.02,0.02,0,0,0,0,0,0,0,0,0,0,0,0,0,0,0,0,0,0,0
N252,0,0,0,0,0,0,0,0,0,0,0,0,-0.04,-0.01,0,0,0,0,-0.01,-0.01,0,0,-0.01,0,0,0,0,0,0,0,0,0,0,0,0,0,0,0,0,0,0,0,0,0,0.01,0,0,0,0,0.02,0,0,0,0,0,0.01,0.01,0,0,0,0,0,0,0,0,0,0,0,0,0,0,0,0,0,0,0
N253,0,0,0,0,0,0,0,0,0,0,0,0,-0.04,-0.01,0,0,0,0,-0.01,-0.01,0,0,-0.01,0,0,0,0,0,0,0,0,0,0,0,0,0,0,0,0,0,0,0,0,0,0.01,0,0,0,0,0.02,0,0,0,0,0,0.01,0.01,0,0,0,0,0,0,0,0,0,0,0,0,0,0,0,0,0,0,0
N254,0,0,0,0,0,0,0,0,0,0,0,0,-0.04,-0.01,0,0,0,0,-0.01,-0.01,0,0,-0.01,0,0,0,0,0,0,0,0,0,0,0,0,0,0,0,0,0,0,0,0,0,0.01,0,0,0,0,0.02,0,0,0,0,0,0.01,0.01,0,0,0,0,0,0,0,0,0,0,0,0,0,0,0,0,0,0,0
N255,0,0,0,0,0,0,0,0,0,0,0,0,-0.04,-0.01,0,0,0,0,-0.01,-0.01,0,0,-0.01,0,0,0,0,0,0,0,0,0,0,0,0,0,0,0,0,0,0,0,0,0,0.01,0,0,0,0,0.02,0,0,0,0,0,0.01,0.01,0,0,0,0,0,0,0,0,0,0,0,0,0,0,0,0,0,0,0
N256,0,0,0,0,0,0,0,0,0,0,0,0,-0.06,-0.02,-0.01,0,0,0,-0.01,-0.01,0,0,-0.01,0,0,-0.01,0,-0.01,0,0,0.01,0,0,0,0,0.01,0,0,0,0,0,0,0,-0.01,0.01,0,0,0,0,0.03,0,0,0,0,0,0,0,0,0,0,0,0,0,0,0,0,0,0,0,0,0,0,0,0,0,0
N257,-0.01,0.06,0,0,0,0.01,0,0,0,0.01,0,0.01,0.02,-0.01,0.11,0.09,0.09,0,-0.04,0,0.08,0,-0.03,0.01,0.01,0,0,0.01,0,0,0.03,-0.02,0,-0.01,-0.01,0,-0.01,-0.01,0,0,-0.03,0,0,0,0.01,0,0,0,0,0.04,0,0,0,0,0,0.02,0.02,0,0,0,0,0,0,0.01,0,0,0,0,0,0,0,0,0,0,0,0
N258,-0.01,-0.02,0,0,0,0,-0.01,0,0,0,0,0.01,0.03,-0.02,-0.03,-0.02,-0.02,0,-0.05,-0.03,-0.07,0,-0.05,0,0,-0.38,0,0.01,0,0,0.01,-0.01,0,0,0,0,0,-0.02,-0.02,0,-0.01,0,-0.01,-0.01,0.01,0,0,0,0,0.03,0,0,0,0,0,0.01,0.01,0,0,0,0,0,0,0,0,0,0,0,0,0,0,0,0,0,0,0
N259,0,0.01,0,0,0,0,0,0,0,0,0,0.01,0.03,-0.04,-0.02,0,0,-0.03,-0.02,-0.01,0,0,-0.02,0,0,-0.01,0,-0.06,0,0,0.01,-0.01,0,0,0,-0.01,-0.01,0.01,0.01,0,0,0,0,-0.01,0.03,-0.02,0,0,0,0.04,0,0,0,0,0,0.01,0.01,0,0,0,0,0,0,0,0,0,0,0,0,0,0,0,0,0,0,0
N260,0,0.01,-0.5,0,0,0,0,0,0,0,0,0.06,0.03,-0.05,-0.01,0.01,0.01,0,-0.02,0,0.01,0,-0.02,0,0,-0.01,0,-0.09,0,-0.01,0.01,-0.01,0,0,0,-0.02,-0.01,0.01,0.02,0,0,0.01,0,-0.03,0.05,0.09,0,0,0,0.05,0,0,0,0,0,0.01,0.01,0,0,0,0,0,0,0,0,0,0,0,0,0,0,0,0,0,0,-0.01
N261,0,0.01,0.39,0,0,0,0,0,0,0,0,0.05,0.03,-0.05,-0.01,0.01,0.01,0,-0.02,0,0.01,0,-0.02,0,0,-0.01,0,-0.09,0,-0.01,0.01,-0.01,0,0,0,-0.02,-0.01,0.01,0.02,0,0,0.01,0,-0.02,0.05,0.08,0,0,0,0.05,0,0,0,0,0,0.01,0.01,0,0,0,0,0,0,0,0,0,0,0,0,0,0,0,0,0,0,-0.01
N262,0,0.01,0.39,0,0,0,0,0,0,0,0,0.05,0.03,-0.05,-0.01,0.01,0.01,0,-0.02,0,0.01,0,-0.02,0,0,-0.01,0,-0.09,0,-0.01,0.01,-0.01,0,0,0,-0.02,-0.01,0.01,0.02,0,0,0.01,0,-0.02,0.05,0.08,0,0,0,0.05,0,0,0,0,0,0.01,0.01,0,0,0,0,0,0,0,0,0,0,0,0,0,0,0,0,0,0,-0.01
N263,-0.01,0.03,0,0,0,0.01,0,0,0,0,0,0.01,0.02,-0.02,0.08,0.02,0.02,0,-0.03,0,0.04,0,-0.02,0.01,0.01,-0.01,0,0.01,0,0.01,0.02,-0.02,0,-0.01,-0.01,0,-0.01,0,0,0,-0.01,0.03,-0.01,0,0.02,0.01,0,0,0,0.04,0,0,0,0,0,0.02,0.02,0,0,0,0,0,0,0.01,0,0,0,0,0,0,0,0,0,0,0,0
N264,-0.01,0.01,0,0,0,0,-0.01,0,0,0,0,0.01,0.03,-0.02,-0.03,-0.02,-0.02,0,-0.04,-0.02,-0.02,0,-0.04,0,0,-0.02,0,0.01,0,0.01,0.01,-0.01,0,0,-0.01,0,-0.01,-0.02,-0.02,0,-0.01,-0.01,-0.01,-0.01,0.02,0,0,0,0,0.04,0,0,0,0,0,0.02,0.02,0,0,0,0,0,0,0,0,0,0,0,0,0,0,0,0,0,0,0
N265,0,0.03,0,0,0,0,0,0,0,0,0,0.01,0.02,-0.02,-0.09,-0.05,-0.05,0,-0.05,-0.01,0.04,0,-0.04,0.01,0.01,-0.01,0,0.01,0,0,0.02,-0.01,0,-0.01,-0.01,0,-0.01,0,0,0,-0.01,-0.25,-0.02,0,0.02,0,0,0,0,0.04,0,0,0,0,0,0.02,0.02,0,0,0,0,0,0,0.01,0,0,0,0,0,0,0,0,0,0,0,0
N266,-0.01,-0.04,0,0,0,0,0,0,0,0,0,0,0.01,-0.01,-0.02,-0.02,-0.02,0,0.02,-0.17,-0.03,0,0.11,0.01,0,0,0,0.01,0,0,0,0,0,0,0,0,0.01,0,0,0,0,-0.01,-0.01,0.01,0.01,0,0.01,0,0,0.03,0,0,0,0,0,0.02,0.02,0,0,0,0,0,0,0,0,0,0,0,0,0,0,0,0,0,0,0
N267,-0.01,0.01,0,0,0,0,0,0,0,0.01,0,0.03,0.03,-0.05,-0.01,0,0,0,-0.02,-0.01,0,0,-0.02,0,0,0,0,-0.02,0,0.01,0.01,-0.01,0,0,0,-0.01,-0.01,0,0.01,0,-0.01,0.01,0,-0.03,0.03,0.01,0,0,0,0.05,0,0,0,0,0,0.01,0.01,0,0,0,0,0,0,0,0,0,0,0,0,0,0,0,0,0,0,0
N268,-0.01,0.04,0,0,0,0,0,0,0,0,0,0.01,0.03,-0.02,-0.12,-0.09,-0.09,0,-0.06,-0.01,0.03,0,-0.04,0.01,0,-0.01,0,0.01,0,0,0.02,-0.01,0,0,-0.01,0,-0.01,0,0,0,-0.01,-0.13,-0.02,0,0.02,0,0,0,0,0.04,0,0,0,0,0,0.02,0.02,0,0,0,0,0,0,0,0,0,0,0,0,0,0,0,0,0,0,0
N269,0,0.01,0,0.01,0.02,0,0,0,0,0,-0.01,0,0.02,0.01,0.03,0.02,0.01,0,0,0.02,0.02,-0.21,0,0.06,0,0,0,0.01,0.01,0,-0.06,0.03,0,0,-0.01,0,-0.07,0,0,0,0.03,0,0,0.03,0,0,0.01,0,0,0.05,0,0,0,-0.01,0,0.05,0.05,0,0,0,-0.01,0,0,0.01,0,0,0,0,0.01,0,0,0,0,0,0,0.01
N270,0,0.01,0,0.01,0.02,0,0,0,0,0,-0.01,0,0.02,0.01,0.03,0.02,0.01,0,0,0.02,0.02,-0.22,0,0.06,0,0,0,0.01,0.01,0,-0.06,0.03,0,0,0,0,-0.07,0,0,0,0.03,0,0,0.03,0,0,0.01,0,0,0.05,0,0,0,-0.01,0,0.05,0.05,0,0,0,-0.01,0,0,0.01,0,0,-0.01,0,0.01,0,0,0,0,0,0,0.01
N271,0,0.01,0,0.01,0.02,0,0,0,0,0,-0.01,0,0.02,0.01,0.03,0.02,0.02,0,0,0.02,0.02,-0.25,0,0.05,0,0,0,0.01,0.01,0,-0.06,0.03,0,0,-0.01,0,-0.08,0,0,0,0.03,0,0,0.03,0,0,0.01,0,0,0.05,0,0,0,-0.01,0,0.05,0.05,0,0,0,-0.01,0,0,0.01,0,0,0,0,0.01,0,0,0,0,0,0,0.01
N272,0,0.01,0,0.01,0.02,0,0,0,0,0,-0.01,0,0.02,0.01,0.03,0.02,0.01,0,0,0.02,0.02,-0.23,0,0.06,0,0,0,0.01,0.01,0,-0.06,0.03,0,0,0,0,-0.07,0,0,0,0.03,0,0,0.03,0,0,0.01,0,0,0.05,0,0,0,-0.01,0,0.05,0.05,0,0,0,-0.01,0,0,0.01,0,0,0,0,0.01,0,0,0,0,0,0,0.01
N273,0,0.01,0,0.01,0.02,0,0,0,0,0,-0.01,0,0.02,0.01,0.03,0.02,0.01,0,0,0.02,0.02,-0.23,0,0.06,0,0,0,0.01,0.01,0,-0.06,0.03,0,0,-0.01,0,-0.07,0,0,0,0.03,0,0,0.03,0,0,0.01,0,0,0.05,0,0,0,-0.01,0,0.05,0.05,0,0,0,-0.01,0,0,0.01,0,0,0,0,0.01,0,0,0,0,0,0,0.01
N274,0,0.01,0,0.01,0.02,0,0,0,0,0,-0.02,0,0.02,0.01,0.03,0.02,0.02,0,0,0.02,0.02,-0.28,0,0.05,0,0,0,0.01,0.01,0,-0.06,0.03,0,0,-0.01,0,-0.08,0,0,0,0.03,0,0,0.03,0,0,0.01,0,0,0.05,0,0,0,-0.01,0,0.05,0.05,0,0,0,-0.01,0,0,0.01,0,0,0,0,0.01,0,0,0,0,0,0,0.01
N275,0,0.01,0,0.01,0.02,0,0,0,0,0,-0.01,0,0.02,0.01,0.03,0.02,0.01,0,0,0.02,0.02,-0.22,0,0.06,0,0,0,0.01,0.01,0,-0.06,0.03,0,0,0,0,-0.07,0,0,0,0.03,0,0,0.03,0,0,0.01,0,0,0.05,0,0,0,-0.01,0,0.05,0.05,0,0,0,-0.01,0,0,0.01,0,0,-0.01,0,0.01,0,0,0,0,0,0,0.01
N276,0,0.01,0,0.01,0.02,0,0,0,0,0,-0.02,0,0.02,0.01,0.03,0.02,0.02,0,0,0.02,0.02,-0.27,0,0.05,0,0,0,0.01,0.01,0,-0.06,0.03,0,0,-0.01,0,-0.08,0,0,0,0.03,0,0,0.03,0,0,0.01,0,0,0.05,0,0,0,-0.01,0,0.05,0.05,0,0,0,-0.01,0,0,0.01,0,0,0,0,0.01,0,0,0,0,0,0,0.01
N277,0,0.01,0,0,0,0,0,0,0,0,0,0.01,0.12,-0.05,-0.01,0.01,0,-0.02,-0.02,0,0.01,0,-0.02,0,0,-0.01,0,-0.06,0,-0.01,0.01,-0.01,0,0,0,0.58,-0.01,0.01,0.01,0,0,0,0,-0.01,0.03,-0.04,0,0,0,0.04,0,0,0,0,0,0.01,0.01,0,0,0,0,0,0,0,0,0,0,0,0,0,0,0,0,0,0,0
N278,0,0.01,0,0,0,0,0,0,0,0,0,0.01,0.12,-0.05,-0.01,0.01,0,-0.02,-0.02,0,0.01,0,-0.02,0,0,-0.01,0,-0.06,0,-0.01,0.01,-0.01,0,0,0,0.58,-0.01,0.01,0.01,0,0,0,0,-0.01,0.03,-0.04,0,0,0,0.04,0,0,0,0,0,0.01,0.01,0,0,0,0,0,0,0,0,0,0,0,0,0,0,0,0,0,0,0
N279,0,0.01,0,0,0,0,0,0,0,0,0,0.01,0.12,-0.05,-0.01,0.01,0,-0.02,-0.02,0,0.01,0,-0.02,0,0,-0.01,0,-0.06,0,-0.01,0.01,-0.01,0,0,0,0.58,-0.01,0.01,0.01,0,0,0,0,-0.01,0.03,-0.04,0,0,0,0.04,0,0,0,0,0,0.01,0.01,0,0,0,0,0,0,0,0,0,0,0,0,0,0,0,0,0,0,0
N280,0,0.01,0,0,0,0,0,0,0,0,0,0.01,0.03,-0.04,-0.02,0,0,-0.03,-0.02,-0.01,0,0,-0.02,0,0,-0.01,0,-0.06,0,0,0.01,-0.01,0,0,0,-0.01,-0.01,0.01,0.01,0,0,0,0,-0.01,0.03,-0.02,0,0,0,0.04,0,0,0,0,0,0.01,0.01,0,0,0,0,0,0,0,0,0,0,0,0,0,0,0,0,0,0,0
N281,0,0.01,0,0,0,0,0,0,0,0,0,0.01,0.03,-0.04,-0.02,0,0,-0.03,-0.02,-0.01,0,0,-0.02,0,0,-0.01,0,-0.06,0,0,0.01,-0.01,0,0,0,-0.01,-0.01,0.01,0.01,0,0,0,0,-0.01,0.03,-0.02,0,0,0,0.04,0,0,0,0,0,0.01,0.01,0,0,0,0,0,0,0,0,0,0,0,0,0,0,0,0,0,0,0
N282,0,0.03,0,0,0,0,0,0,0,0,0,0.01,0.03,-0.02,-0.04,0.02,0.01,0,-0.03,0,0.03,0,-0.02,0.01,0,-0.01,0,0,0,0.01,0.02,-0.01,0,-0.01,-0.01,-0.01,-0.01,0,0.01,0,-0.01,0.03,-0.01,-0.01,0.02,0.01,0,0,0,0.04,0,0,0,0,0,0.02,0.02,0,0,0,0,0,0,0.01,0,0,0,0,0,0,0,0,0,0,0,0
N283,0,0.01,0,0,0,0,0,0,0,0,0,0.02,0.04,-0.04,-0.01,0.01,0.01,0,-0.02,0,0.01,0,-0.02,0,0,-0.01,0,-0.17,0,0,0.01,-0.01,0,0,-0.01,-0.04,-0.01,0.02,0.03,0,0,0.01,0,-0.02,0.03,-0.01,0,0,0,0.04,0,0,0,0,0,0.01,0.01,0,0,0,0,0,0,0,0,0,0,0,0,0,0,0,0,0,0,0
N284,0,0.01,-0.01,0,0,0,0,0,0,0,0,0.01,0.04,-0.08,-0.01,0,0,0,-0.02,0,0.01,0,-0.02,0,0,-0.01,0,-0.07,0,-0.02,0.01,-0.01,0,0,0,-0.04,-0.01,0.01,0.02,0,0,0.01,0,-0.02,0.05,-0.14,0,0,0,0.05,0,0,0,0,0,0,0,0,0,0,0,0,0,0,0,0,0,0,0,0,0,0,0,0,0,-0.01
N285,0,0.02,0,0,0,0,0,0,0,0,0,0.01,0.03,-0.03,-0.03,0,0,0,-0.03,0,0.02,0,-0.02,0,0,-0.01,0,-0.03,0,0.01,0.02,-0.01,0,0,-0.01,-0.01,-0.01,0.01,0.01,0,-0.01,0.02,-0.01,-0.01,0.02,0,0,0,0,0.04,0,0,0,0,0,0.02,0.02,0,0,0,0,0,0,0,0,0,0,0,0,0,0,0,0,0,0,0
N286,0,0.02,0,0,0,0,0,0,0,0,0,0.01,0.03,-0.03,-0.03,0,0,0,-0.03,0,0.02,0,-0.02,0,0,-0.01,0,-0.03,0,0.01,0.02,-0.01,0,0,-0.01,-0.01,-0.01,0.01,0.01,0,-0.01,0.02,-0.01,-0.01,0.02,0,0,0,0,0.04,0,0,0,0,0,0.02,0.02,0,0,0,0,0,0,0,0,0,0,0,0,0,0,0,0,0,0,0
N287,-0.01,0,0,0,0,0,0.01,0.06,0.09,0.21,0,0.01,0.03,-0.02,-0.02,-0.01,-0.01,0,-0.03,-0.01,-0.02,0,-0.03,0,0,-0.02,0,0.02,0,0.01,0.01,-0.01,0,0,0,0,0,0.08,-0.09,0,-0.01,0,0,-0.01,0.02,0,0,0,0,0.03,0,0,0,0,0,0.01,0.01,0,0,0,0,0,0,0,0,0,0,0,0,0,0,0,0,0,0,0
N288,-0.01,0,0,0,0,0,-0.05,-0.03,-0.05,0.03,0,0.01,0.03,-0.02,-0.02,-0.01,-0.01,0,-0.03,-0.01,-0.02,0,-0.03,0,0,-0.01,0,0.02,0,0.01,0.01,-0.01,0,0,0,0,0,-0.06,-0.06,0,-0.01,0,0,-0.01,0.02,0,0,0,0,0.03,0,0,0,0,0,0.01,0.01,0,0,0,0,0,0,0,0,0,0,0,0,0,0,0,0,0,0,0
N289,-0.01,0,0,0,0,0,-0.05,-0.03,-0.05,0.03,0,0.01,0.03,-0.02,-0.02,-0.01,-0.01,0,-0.03,-0.01,-0.02,0,-0.03,0,0,-0.01,0,0.02,0,0.01,0.01,-0.01,0,0,0,0,0,-0.06,-0.06,0,-0.01,0,0,-0.01,0.02,0,0,0,0,0.03,0,0,0,0,0,0.01,0.01,0,0,0,0,0,0,0,0,0,0,0,0,0,0,0,0,0,0,0
N290,0,0.01,0,0,0,0,0,0,0,0,0,0.01,0.03,-0.03,0,0.01,0.01,0,-0.02,0,0,0,-0.02,0,0,-0.01,0,0.08,0,0.01,0.01,-0.01,0,0,-0.01,-0.01,-0.01,0.04,0.05,0,0,0,0,-0.02,0.03,0.01,0,0,0,0.04,0,0,0,0,0,0.01,0.01,0,0,0,0,0,0,0,0,0,0,0,0,0,0,0,0,0,0,0
N291,0,0.01,0,0,0,0,0,0,0,0,0,0.01,0.03,-0.03,0,0.01,0.01,0,-0.02,0,0,0,-0.02,0,0,-0.01,0,0.08,0,0.01,0.01,-0.01,0,0,-0.01,-0.01,-0.01,0.04,0.05,0,0,0,0,-0.02,0.03,0.01,0,0,0,0.04,0,0,0,0,0,0.01,0.01,0,0,0,0,0,0,0,0,0,0,0,0,0,0,0,0,0,0,0
N292,-0.01,0,0,0,0,0,-0.1,0.13,0.22,0.13,0,0.01,0.03,-0.02,-0.02,-0.01,-0.01,0,-0.03,-0.01,-0.02,0,-0.03,0,0,-0.01,0,0.02,0,0.01,0.01,-0.01,0,0,0,0,0,-0.03,-0.06,0,-0.01,0,0,-0.01,0.02,0,0,0,0,0.03,0,0,0,0,0,0.01,0.01,0,0,0,0,0,0,0,0,0,0,0,0,0,0,0,0,0,0,0
N293,-0.01,0,0,0,0,0,-0.02,0.12,0.19,0.14,0,0.01,0.03,-0.02,-0.02,-0.01,-0.01,0,-0.03,-0.01,-0.02,0,-0.03,0,0,-0.01,0,0.02,0,0.01,0.01,-0.01,0,0,0,0,0,-0.03,-0.06,0,-0.01,0,0,-0.01,0.02,0,0,0,0,0.03,0,0,0,0,0,0.01,0.01,0,0,0,0,0,0,0,0,0,0,0,0,0,0,0,0,0,0,0
N294,-0.01,0,0,0,0,0,-0.09,0.13,0.22,0.13,0,0.01,0.03,-0.02,-0.02,-0.01,-0.01,0,-0.03,-0.01,-0.02,0,-0.03,0,0,-0.01,0,0.02,0,0.01,0.01,-0.01,0,0,0,0,0,-0.03,-0.06,0,-0.01,0,0,-0.01,0.02,0,0,0,0,0.03,0,0,0,0,0,0.01,0.01,0,0,0,0,0,0,0,0,0,0,0,0,0,0,0,0,0,0,0
N295,-0.01,0,0,0,0,0,0.14,0.11,0.14,0.15,0,0.01,0.03,-0.02,-0.02,-0.01,-0.01,0,-0.03,-0.01,-0.02,0,-0.03,0,0,-0.01,0,0.02,0,0.01,0.01,-0.01,0,0,0,0,0,-0.02,-0.06,0,-0.01,0,0,-0.01,0.02,0,0,0,0,0.03,0,0,0,0,0,0.01,0.01,0,0,0,0,0,0,0,0,0,0,0,0,0,0,0,0,0,0,0
N296,-0.01,0,0,0,0,0,-0.02,0.08,0.12,0.09,0,0.01,0.03,-0.02,-0.01,0,0,0,-0.03,-0.01,-0.01,0,-0.02,0,0,-0.01,0,0.04,0,0.01,0.01,-0.01,0,0,0,0,-0.01,-0.01,-0.03,0,-0.01,0,0,-0.01,0.02,0,0,0,0,0.04,0,0,0,0,0,0.01,0.01,0,0,0,0,0,0,0,0,0,0,0,0,0,0,0,0,0,0,0
N297,-0.01,0,0,0,0,0,-0.04,-0.02,0.01,0.06,0,0.01,0.03,-0.02,-0.02,-0.01,-0.01,0,-0.03,-0.01,-0.02,0,-0.03,0,0,-0.01,0,0.01,0,0.01,0.01,-0.01,0,0,0,0,0,-0.02,-0.06,0,-0.01,0,0,-0.01,0.02,0,0,0,0,0.03,0,0,0,0,0,0.01,0.01,0,0,0,0,0,0,0,0,0,0,0,0,0,0,0,0,0,0,0
N298,-0.01,0,0,0,0,0,0.01,0.06,0.09,0.21,0,0.01,0.03,-0.02,-0.02,-0.01,-0.01,0,-0.03,-0.01,-0.02,0,-0.03,0,0,-0.02,0,0.02,0,0.01,0.01,-0.01,0,0,0,0,0,0.08,-0.09,0,-0.01,0,0,-0.01,0.02,0,0,0,0,0.03,0,0,0,0,0,0.01,0.01,0,0,0,0,0,0,0,0,0,0,0,0,0,0,0,0,0,0,0
N299,-0.01,0,0,0,0,0,-0.01,0.04,0.05,0.14,0,0.01,0.03,-0.02,-0.02,-0.01,-0.01,0,-0.03,-0.01,-0.02,0,-0.03,0,0,-0.01,0,0.02,0,0.01,0.01,-0.01,0,0,0,0,0,0.29,-0.19,0,-0.01,0,0,-0.01,0.02,0,0,0,0,0.03,0,0,0,0,0,0.01,0.01,0,0,0,0,0,0,0,0,0,0,0,0,0,0,0,0,0,0,0
N300,0.01,-0.01,0,-0.02,0,0.01,0,0,0,0,0,0,0.01,0,0,-0.01,-0.01,0,0,0.02,0.01,0,0.01,0.01,0,0,0,0.01,0,0,-0.01,0.01,0,0.01,0,0,0.01,0,0,0,0.01,0,-0.01,0.01,0.01,0,0.01,0,0,0.03,0,0,0,0,0,0.03,0.03,0,0,0,0,0,0,0,0,0,0,0,0,0,0,0,0,0,0,0.01
N301,0.01,-0.01,0,-0.02,0,0.01,0,0,0,0,0,0,0.01,0,0,-0.01,-0.01,0,0,0.02,0.01,0,0.01,0.01,0,0,0,0.01,0,0,-0.01,0.01,0,0.01,0,0,0.01,0,0,0,0.01,0,-0.01,0.01,0.01,0,0.01,0,0,0.03,0,0,0,0,0,0.03,0.03,0,0,0,0,0,0,0,0,0,0,0,0,0,0,0,0,0,0,0.01
N302,0.01,0,0,-0.06,0.15,0,0,0,0,0,0,0,0.01,0,0,0,0,0,0.01,0.03,0.01,0,0.01,0.01,0,0,0,0.01,0,0,-0.02,0.01,0,0,0,0,0.02,0,0,0,0.01,0,0,0.01,0,0,0.01,0,0,0.03,0,-0.01,0,0,0,0.03,0.03,0,0,0,0,0,0,0,0,0,0,0,0,0,0,0,0,0,0,0.01
N303,0.04,0.01,0,0,0,0.58,0,0,0,0,0,0,0.02,-0.01,0.01,-0.01,0,0,-0.03,0.01,0.07,0.01,0,0.01,0,0,0,0.01,0,0,0.06,-0.02,0,0.15,-0.01,0,-0.01,0,0,0.05,0.06,0,-0.04,0.01,0.01,0,0.01,0,0,0.03,0,0,0,0,0,0.03,0.03,0,0,0,0,0,0,0,0,0,0,0,0,0,0,0,0,0,0,0
N304,0.01,-0.01,0,-0.02,0,0.01,0,0,0,0,0,0,0.01,0,0,-0.01,-0.01,0,0,0.02,0.01,0,0.01,0.01,0,0,0,0.01,0,0,-0.01,0.01,0,0.01,0,0,0.01,0,0,0,0.01,0,-0.01,0.01,0.01,0,0.01,0,0,0.03,0,0,0,0,0,0.03,0.03,0,0,0,0,0,0,0,0,0,0,0,0,0,0,0,0,0,0,0.01
N305,0.01,-0.01,0,-0.01,0,-0.01,0,0,0,0,0,0,0.01,0,0,-0.01,-0.01,0,-0.01,0.02,0.01,0,0.01,0.01,0,0,0,0.01,0,0,0,0,0,0,0,0,0.01,0,0,0,0,0,0,0.01,0.01,0,0.01,0,0,0.03,0,0,0,0,0,0.02,0.02,0,0,0,0,0,0,0,0,0,0,0,0,0,0,0,0,0,0,0.01
N306,0.02,-0.01,0,-0.01,-0.01,-0.01,0,0,0,0,0,0,0.01,0,-0.01,-0.01,-0.01,0,-0.02,0.02,0.02,0,0.01,0.01,0,0,0,0.01,0,0,0,0,0,0.01,0,0,0.01,0,0,0,0,-0.01,-0.01,0.01,0.01,0,0.01,0,0,0.03,0,0,0,0,0,0.02,0.02,0,0,0,0,0,0,0,0,0,0,0,0,0,0,0,0,0,0,0.01
N307,0.01,-0.01,0,-0.02,0,0.01,0,0,0,0,0,0,0.01,0,0,-0.01,-0.01,0,0,0.02,0.01,0,0.01,0.01,0,0,0,0.01,0,0,-0.01,0.01,0,0.01,0,0,0.01,0,0,0,0.01,0,-0.01,0.01,0.01,0,0.01,0,0,0.03,0,0,0,0,0,0.03,0.03,0,0,0,0,0,0,0,0,0,0,0,0,0,0,0,0,0,0,0.01
N308,0.01,0,0,0.09,0.06,0,0,0,0,0,0,0,0.01,0,0.01,0,0,0,0.01,0.03,0.01,0,0.01,0.01,0,0,0,0.01,0.01,0,-0.02,0.02,0,0,0,0,0.02,0,0,0,0.01,0,0,0.01,0,0,0.01,0,0,0.03,0,-0.01,0,0,0,0.03,0.03,0,0,0,0,0,0,0,0,0,0,0,0,0,0,0,0,0,0,0.01
N309,0.01,-0.01,0,-0.02,0,0.01,0,0,0,0,0,0,0.01,0,0,-0.01,-0.01,0,0,0.02,0.01,0,0.01,0.01,0,0,0,0.01,0,0,-0.01,0.01,0,0.01,0,0,0.01,0,0,0,0.01,0,-0.01,0.01,0.01,0,0.01,0,0,0.03,0,0,0,0,0,0.03,0.03,0,0,0,0,0,0,0,0,0,0,0,0,0,0,0,0,0,0,0.01
N310,0.03,-0.01,0,-0.01,-0.01,-0.01,0,0,0,0,0,0,0.01,0,-0.01,-0.02,-0.02,0,-0.03,0.01,0.05,0,0,0.01,0,0,0,0.01,0,0,0,0,0,0.01,0,0,0.01,0,0,0,0,-0.01,-0.03,0.01,0.01,0,0.01,0,0,0.03,0,0,0,0,0,0.02,0.02,0,0,0,0,0,0,0,0,0,0,0,0,0,0,0,0,0,0,0
N311,0.05,0,0,0,0,0.55,0,0,0,0,0,0,0.01,-0.01,-0.01,-0.01,-0.01,0,-0.04,0.01,0.08,0,0,0.01,0,0,0,0.01,0,0,0.04,-0.01,0,0.09,-0.01,0,0,0,0,0.03,0.03,-0.01,-0.06,0.01,0.01,0,0.01,0,0,0.03,0,0,0,0,0,0.03,0.03,0,0,0,0,0,0,0,0,0,0,0,0,0,0,0,0,0,0,0
N312,0.02,-0.01,0,-0.01,-0.01,0.05,0,0,0,0,0,0,0.01,0,0,-0.01,-0.01,0,-0.01,0.02,0.02,0,0.01,0.01,0,0,0,0.01,0,0,0,0,0,0.01,0,0,0.01,0,0,0,0.01,0,-0.02,0.01,0.01,0,0.01,0,0,0.03,0,0,0,0,0,0.02,0.02,0,0,0,0,0,0,0,0,0,0,0,0,0,0,0,0,0,0,0.01
N313,0.01,-0.01,0,-0.04,-0.31,0,0,0,0,0,0,0,0.01,0,0,0,0,0,0.02,0.03,0,0,0.01,0.01,0,0,0,0.01,0,0,-0.01,0.01,0,0,0,0,0.02,0,0,0,0.01,0,0,0.01,0,0,0.01,0,0,0.03,0,-0.01,0,0,0,0.03,0.03,0,0,0,0,0,0,0,0,0,0,0,0,0,0,0,0,0,0,0.01
N314,0.01,0,0,-0.01,0.04,0,0,0,0,0,0,0,0.01,0,0,0,0,0,0.01,0.03,0.01,0,0.01,0.01,0,0,0,0.01,0,0,-0.01,0.01,0,0,0,0,0.02,0,0,0,0.01,0,0,0.01,0,0,0.01,0,0,0.03,0,-0.01,0,0,0,0.03,0.03,0,0,0,0,0,0,0,0,0,0,0,0,0,0,0,0,0,0,0.01
N315,0.01,0,0,0.08,0.07,0,0,0,0,0,0,0,0.01,0,0,0,0,0,0.01,0.03,0.01,0,0.01,0.01,0,0,0,0.01,0,0,-0.02,0.01,0,0,0,0,0.02,0,0,0,0.01,0,0,0.01,0,0,0.01,0,0,0.03,0,-0.01,0,0,0,0.03,0.03,0,0,0,0,0,0,0,0,0,0,0,0,0,0,0,0,0,0,0.01
N316,0.06,-0.01,0,0,0,-0.02,0,0,0,0,0,0,0.01,-0.01,-0.02,-0.03,-0.03,0,-0.05,0.01,0.09,0,-0.01,0.01,0,0,0,0.01,0,0,0.01,0,0,0.02,0,0,0,0,0,0.01,0,-0.01,-0.06,0.01,0.01,0,0.01,0,0,0.03,0,0,0,0,0,0.02,0.02,0,0,0,0,0,0,0,0,0,0,0,0,0,0,0,0,0,0,0
N317,0.01,0,0,0,0.04,0,0,0,0,0,0,0,0.01,0,0.01,0,0,0,0.01,0.03,0.01,0,0.01,0.01,0,0,0,0.01,0.01,0,-0.02,0.01,0,0,0,0,0.02,0,0,0,0.01,0,0,0.01,0,0,0.01,0,0,0.03,0,-0.01,0,0,0,0.03,0.03,0,0,0,0,0,0,0,0,0,0,0,0,0,0,0,0,0,0,0.01
N318,0.07,-0.01,0,0,0,0.02,0,0,0,0,0,0,0.01,-0.01,-0.02,-0.03,-0.03,0,-0.05,0.01,0.09,0,-0.01,0.01,0,0,0,0.01,0,0,0.01,0,0,0.02,0,0,0,0,0,0.01,0,-0.01,-0.08,0.01,0.01,0,0.01,0,0,0.03,0,0,0,0,0,0.02,0.02,0,0,0,0,0,0,0,0,0,0,0,0,0,0,0,0,0,0,0
N319,0.08,-0.01,0,0,0,0.04,0,0,0,0,0,0,0.01,-0.01,-0.02,-0.03,-0.02,0,-0.04,0.01,0.1,0,-0.01,0.01,0,0,0,0.01,0,0,0.02,-0.01,0,0.02,-0.01,0,0,0,0,0.01,0,-0.01,-0.12,0.01,0.01,0,0.01,0,0,0.03,0,0,0,0,0,0.02,0.02,0,0,0,0,0,0,0,0,0,0,0,0,0,0,0,0,0,0,0
N320,0.02,-0.01,0,0,0,-0.01,0,0,0,0,0,0,0.01,-0.01,0,-0.01,-0.01,0,0.06,0.08,0.01,0,0.04,0.01,0,0,0,0.01,0,0,0,0,0,0,0,0,0.01,0,0,0,0,-0.01,0.01,0.01,0.01,0,0.01,0,0,0.03,0,0,0,0,0,0.02,0.02,0,0,0,0,0,0,0,0,0,0,0,0,0,0,0,0,0,0,0
N321,0.05,-0.01,0,0,0,-0.06,0,0,0,0,0,0,0.01,-0.01,-0.02,-0.02,-0.02,0,-0.04,0.01,0.09,0,0,0.01,0,0,0,0.01,0,0,0.01,0,0,0.02,0,0,0,0,0,0.01,0,-0.01,-0.03,0.01,0.01,0,0.01,0,0,0.03,0,0,0,0,0,0.02,0.02,0,0,0,0,0,0,0,0,0,0,0,0,0,0,0,0,0,0,0
N322,0.01,-0.01,0,-0.02,0.02,0,0,0,0,0,0,0,0.01,0,0,0,0,0,0.01,0.03,0.01,0,0.01,0.01,0,0,0,0.01,0,0,-0.01,0.01,0,0,0,0,0.02,0,0,0,0.01,0,0,0.01,0,0,0.01,0,0,0.03,0,-0.01,0,0,0,0.03,0.03,0,0,0,0,0,0,0,0,0,0,0,0,0,0,0,0,0,0,0.01
N323,0.01,-0.01,0,-0.01,0.02,0,0,0,0,0,0,0,0.01,0,0,0,0,0,0.01,0.03,0.01,0,0.01,0.01,0,0,0,0.01,0,0,-0.01,0.01,0,0,0,0,0.02,0,0,0,0.01,0,0,0.01,0,0,0.01,0,0,0.03,0,-0.01,0,0,0,0.03,0.03,0,0,0,0,0,0,0,0,0,0,0,0,0,0,0,0,0,0,0.01
N324,0.01,0,0,-0.01,0.03,0,0,0,0,0,0,0,0.01,0,0,0,0,0,0.01,0.03,0.01,0,0.01,0.01,0,0,0,0.01,0,0,-0.02,0.01,0,0,0,0,0.02,0,0,0,0.01,0,0,0.01,0,0,0.01,0,0,0.03,0,-0.01,0,0,0,0.03,0.03,0,0,0,0,0,0,0,0,0,0,0,0,0,0,0,0,0,0,0.01
N325,0.01,0,0,0.09,0.06,0,0,0,0,0,0,0,0.01,0,0.01,0,0,0,0.01,0.03,0.01,0,0.01,0.01,0,0,0,0.01,0.01,0,-0.02,0.02,0,0,0,0,0.02,0,0,0,0.01,0,0,0.01,0,0,0.01,0,0,0.03,0,-0.01,0,0,0,0.03,0.03,0,0,0,0,0,0,0,0,0,0,0,0,0,0,0,0,0,0,0.01
N326,0.02,-0.01,0,-0.01,-0.01,0.06,0,0,0,0,0,0,0.01,0,-0.01,-0.01,-0.01,0,-0.02,0.02,0.03,0,0,0.01,0,0,0,0.01,0,0,0,0,0,0.02,0,0,0.01,0,0,0,0.01,-0.01,-0.02,0.01,0.01,0,0.01,0,0,0.03,0,0,0,0,0,0.02,0.02,0,0,0,0,0,0,0,0,0,0,0,0,0,0,0,0,0,0,0.01
N327,0,0.01,-0.03,0,0,0,0,0,0,0,0,0.19,0.03,-0.07,-0.01,0.01,0.01,0,-0.02,0,0.01,0,-0.02,0,0,-0.01,0,-0.06,0,-0.05,0.01,-0.01,0,0,0,-0.02,-0.01,0.01,0.02,0,0,0.01,0,-0.03,0.07,0.16,0,0,0,0.05,0,0,0,0,0,0,0,0,0,0,0,0,0,0,0,0,0,0,0,0,0,0,0,0,0,-0.01
N328,0,0.01,-0.03,0,0,0,0,0,0,0,0,0.19,0.03,-0.07,-0.01,0.01,0.01,0,-0.02,0,0.01,0,-0.02,0,0,-0.01,0,-0.06,0,-0.05,0.01,-0.01,0,0,0,-0.02,-0.01,0.01,0.02,0,0,0.01,0,-0.03,0.07,0.16,0,0,0,0.05,0,0,0,0,0,0,0,0,0,0,0,0,0,0,0,0,0,0,0,0,0,0,0,0,0,-0.01
N329,0,0.01,-0.04,0,0,0,0,0,0,0,0,0.1,0.03,-0.06,-0.01,0.01,0.01,0,-0.02,0,0.01,0,-0.02,0,0,-0.01,0,-0.07,0,-0.03,0.01,-0.01,0,0,0,-0.02,-0.01,0.01,0.02,0,0,0.01,0,-0.03,0.06,0.23,0,0,0,0.05,0,0,0,0,0,0.01,0.01,0,0,0,0,0,0,0,0,0,0,0,0,0,0,0,0,0,0,-0.01
N330,0,0.01,-0.03,0,0,0,0,0,0,0,0,0.09,0.03,-0.07,-0.01,0.01,0.01,0,-0.02,0,0.01,0,-0.02,0,0,-0.01,0,-0.07,0,-0.03,0.01,-0.01,0,0,0,-0.02,-0.01,0.01,0.02,0,0,0.01,0,-0.02,0.06,0.26,0,0,0,0.05,0,0,0,0,0,0.01,0.01,0,0,0,0,0,0,0,0,0,0,0,0,0,0,0,0,0,0,-0.01
N331,0,0.01,-0.04,0,0,0,0,0,0,0,0,0.09,0.03,-0.07,-0.01,0.01,0.01,0,-0.02,0,0.01,0,-0.02,0,0,-0.01,0,-0.07,0,-0.03,0.01,-0.01,0,0,0,-0.02,-0.01,0.01,0.02,0,0,0.01,0,-0.02,0.06,0.25,0,0,0,0.05,0,0,0,0,0,0.01,0.01,0,0,0,0,0,0,0,0,0,0,0,0,0,0,0,0,0,0,-0.01
N332,0,0.01,-0.05,0,0,0,0,0,0,0,0,0.11,0.03,-0.06,-0.01,0.01,0.01,0,-0.02,0,0.01,0,-0.02,0,0,-0.01,0,-0.07,0,-0.03,0.01,-0.01,0,0,0,-0.02,-0.01,0.01,0.02,0,0,0.01,0,-0.03,0.06,0.17,0,0,0,0.05,0,0,0,0,0,0.01,0.01,0,0,0,0,0,0,0,0,0,0,0,0,0,0,0,0,0,0,-0.01
N333,0,0.01,-0.04,0,0,0,0,0,0,0,0,0.14,0.03,-0.06,-0.01,0.01,0.01,0,-0.02,0,0.01,0,-0.02,0,0,-0.01,0,-0.07,0,-0.03,0.01,-0.01,0,0,0,-0.02,-0.01,0.01,0.02,0,0,0.01,0,-0.03,0.06,0.2,0,0,0,0.05,0,0,0,0,0,0.01,0.01,0,0,0,0,0,0,0,0,0,0,0,0,0,0,0,0,0,0,-0.01
N334,0,0.01,-0.01,0,0,0,0,0,0,0,0,0,0.03,-0.1,0,0,0,0,-0.02,0,0,0,-0.01,0,0,-0.01,0,-0.05,0,-0.01,0.01,0,0,0,0,-0.03,-0.01,0.01,0.01,0,0,0,0,-0.02,0,-0.08,0,0,0,0.05,0,0,0,0,0,0,0,0,0,0,0,0,0,0,0,0,0,0,0,0,0,0,0,0,0,-0.01
N335,0,0.01,-0.01,0,0,0,0,0,0,0,0,0.01,0.04,-0.08,-0.01,0,0,0,-0.02,0,0.01,0,-0.02,0,0,-0.01,0,-0.07,0,-0.02,0.01,-0.01,0,0,0,-0.04,-0.01,0.01,0.02,0,0,0.01,0,-0.02,0.05,-0.14,0,0,0,0.05,0,0,0,0,0,0,0,0,0,0,0,0,0,0,0,0,0,0,0,0,0,0,0,0,0,-0.01
N336,0,0.01,-0.43,0,0,0,0,0,0,0,0,0.06,0.03,-0.05,-0.01,0.01,0.01,0,-0.02,0,0.01,0,-0.02,0,0,-0.01,0,-0.09,0,-0.01,0.01,-0.01,0,0,0,-0.02,-0.01,0.01,0.02,0,0,0.01,0,-0.03,0.05,0.1,0,0,0,0.05,0,0,0,0,0,0.01,0.01,0,0,0,0,0,0,0,0,0,0,0,0,0,0,0,0,0,0,-0.01
N337,0.03,0.01,0,0,0,0,0,0,0,0,0,0,0.01,-0.01,0.02,0.01,0.01,0,0,0.04,0.05,0,0,0.01,0,0,0,0.01,0,0,0.01,-0.01,0,0,-0.01,0,0,0,0,0,-0.01,-0.01,0.04,0.01,0.01,0,0,0,0,0.03,0,0,0,0,0,0.02,0.02,0,0,0,0,0,0,0,0,0,0,0,0,0,0,0,0,0,0,0
N338,0,0.01,-0.01,0,0,0,0,0,0,0,0,0.02,0.04,-0.07,-0.01,0.01,0,0,-0.02,0,0.01,0,-0.02,0,0,-0.01,0,-0.08,0,-0.02,0.01,-0.01,0,0,0,-0.04,-0.01,0.01,0.02,0,0,0.01,0,-0.02,0.05,-0.09,0,0,0,0.05,0,0,0,0,0,0,0,0,0,0,0,0,0,0,0,0,0,0,0,0,0,0,0,0,0,-0.01
N339,0,0.01,-0.01,0,0,0,0,0,0,0,0,0.01,0.04,-0.07,-0.01,0,0,0,-0.02,0,0.01,0,-0.02,0,0,-0.01,0,-0.08,0,-0.02,0.01,-0.01,0,0,0,-0.04,-0.01,0.01,0.02,0,0,0.01,0,-0.02,0.05,-0.12,0,0,0,0.05,0,0,0,0,0,0,0,0,0,0,0,0,0,0,0,0,0,0,0,0,0,0,0,0,0,-0.01
N340,0,0.01,-0.01,0,0,0,0,0,0,0,0,0.02,0.04,-0.06,-0.01,0.01,0,0,-0.02,0,0.01,0,-0.02,0,0,-0.01,0,-0.1,0,-0.01,0.01,-0.01,0,0,0,-0.05,-0.01,0.01,0.02,0,0,0.01,0,-0.02,0.04,-0.08,0,0,0,0.05,0,0,0,0,0,0,0,0,0,0,0,0,0,0,0,0,0,0,0,0,0,0,0,0,0,-0.01
N341,0,0.01,-0.05,0,0,0,0,0,0,0,0,0.11,0.03,-0.06,-0.01,0.01,0.01,0,-0.02,0,0.01,0,-0.02,0,0,-0.01,0,-0.07,0,-0.03,0.01,-0.01,0,0,0,-0.02,-0.01,0.01,0.02,0,0,0.01,0,-0.03,0.06,0.17,0,0,0,0.05,0,0,0,0,0,0.01,0.01,0,0,0,0,0,0,0,0,0,0,0,0,0,0,0,0,0,0,-0.01
N342,0,0.01,-0.01,0,0,0,0,0,0,0,0,0.01,0.04,-0.07,-0.01,0,0,0,-0.02,0,0.01,0,-0.02,0,0,-0.01,0,-0.07,0,-0.03,0.01,-0.01,0,0,0,-0.06,-0.01,0.01,0.01,0,0,0.01,0,-0.02,0.05,-0.11,0,0,0,0.04,0,0,0,0,0,0,0,0,0,0,0,0,0,0,0,0,0,0,0,0,0,0,0,0,0,-0.01
N343,0,0.01,-0.04,0,0,0,0,0,0,0,0,0.09,0.03,-0.07,-0.01,0.01,0.01,0,-0.02,0,0.01,0,-0.02,0,0,-0.01,0,-0.07,0,-0.03,0.01,-0.01,0,0,0,-0.02,-0.01,0.01,0.02,0,0,0.01,0,-0.02,0.06,0.24,0,0,0,0.05,0,0,0,0,0,0.01,0.01,0,0,0,0,0,0,0,0,0,0,0,0,0,0,0,0,0,0,-0.01
N344,0,0.01,0,0,0.01,0,0,0,0,0,0,-0.02,0.02,0.04,0.01,0.01,0.01,0,-0.01,0.01,0.01,0,-0.01,-0.02,-0.02,0,0,0,-0.18,-0.03,-0.01,0,-0.04,0,0.04,-0.01,-0.02,0.01,0.01,0,0.01,0.01,0,-0.06,-0.02,0,-0.02,0,0,0.09,0,0,0,0,0,0.03,0.03,0,0,0,0,0,0,0.08,0,0,0,0,0,0,0,0,0,0,0,-0.02
N345,0,0.01,0,0,0.01,0,0,0,0,0,0,-0.02,0.02,0.04,0.01,0.01,0.01,0,-0.01,0,0.01,0,-0.01,-0.02,-0.02,0,0,0,-0.16,-0.03,-0.01,0,-0.03,0,0.04,-0.01,-0.02,0.01,0.01,0,0.01,0.01,0,-0.08,-0.01,0.01,-0.02,0,0,0.08,0,0,0,0,0,0.03,0.03,0,0,0,0,0,0,0.06,0,0,0,0,0,0,0,0,0,0,0,-0.02
N346,0,0.01,0,0,0.01,0,0,0,0,0,0,-0.02,0.02,0.04,0.01,0.01,0.01,0,-0.01,0.01,0.01,0,-0.01,-0.02,-0.02,0,0,0,-0.17,-0.03,-0.01,0,-0.04,0,0.04,-0.01,-0.02,0.01,0.01,0,0.01,0.01,0,-0.07,-0.02,0,-0.02,0,0,0.09,0,0,0,0,0,0.03,0.03,0,0,0,0,0,0,0.07,0,0,0,0,0,0,0,0,0,0,0,-0.02
